hour,day_of_week,distance_km,free_flow_time,traffic_time,multiplier
0,0,7.663,1431,1170,0.818
0,0,9.016,1454,1142,0.785
0,0,6.209,621,521,0.839
0,0,20.800,2768,2291,0.828
0,0,14.083,1806,1481,0.820
0,0,1.827,494,335,0.678
0,0,12.408,1766,1406,0.796
0,0,4.524,863,608,0.705
0,0,6.606,990,716,0.723
0,0,7.161,1341,1111,0.828
11.0175,76.9681,11.0097,76.9448,0,0,3.367,605,382,0.631
11.0175,76.9681,11.0305,77.0161,0,0,9.016,1454,1125,0.774
11.0175,76.9681,10.9664,76.968,0,0,8.256,1300,892,0.686
11.0175,76.9681,11.076,77.0003,0,0,9.588,1460,969,0.664
11.0175,76.9681,11.009,76.9604,0,0,2.154,435,301,0.692
11.0175,76.9681,10.9996,76.9749,0,0,5.313,839,619,0.738
11.0175,76.9681,11.0347,76.9765,0,0,3.590,680,444,0.653
11.0175,76.9681,11.0001,77.0268,0,0,11.241,1448,1040,0.718
11.0175,76.9681,10.9329,76.9248,0,0,15.109,2212,1671,0.755
11.0097,76.9448,11.0175,76.9681,0,0,3.504,776,535,0.689
11.0097,76.9448,11.0305,77.0161,0,0,11.497,1758,1368,0.778
11.0097,76.9448,10.9664,76.968,0,0,6.893,1236,809,0.655
11.0097,76.9448,11.076,77.0003,0,0,12.070,1764,1212,0.687
11.0097,76.9448,11.009,76.9604,0,0,2.442,483,331,0.685
11.0097,76.9448,10.9996,76.9749,0,0,4.800,801,591,0.738
11.0097,76.9448,11.0347,76.9765,0,0,6.072,984,688,0.699
11.0097,76.9448,11.0001,77.0268,0,0,10.728,1410,1012,0.718
11.0097,76.9448,10.9329,76.9248,0,0,13.746,2148,1587,0.739
11.0305,77.0161,11.0175,76.9681,0,0,9.109,1590,1225,0.770
11.0305,77.0161,11.0097,76.9448,0,0,12.064,1906,1385,0.727
11.0305,77.0161,10.9664,76.968,0,0,13.947,1856,1496,0.806
11.0305,77.0161,11.076,77.0003,0,0,7.126,1148,890,0.775
11.0305,77.0161,11.009,76.9604,0,0,11.155,1724,1308,0.759
11.0305,77.0161,10.9996,76.9749,0,0,9.102,1330,1052,0.791
11.0305,77.0161,11.0347,76.9765,0,0,7.663,1431,1161,0.811
11.0305,77.0161,11.0001,77.0268,0,0,8.653,1370,1100,0.803
11.0305,77.0161,10.9329,76.9248,0,0,20.800,2768,2268,0.819
10.9664,76.968,11.0175,76.9681,0,0,6.996,1159,803,0.693
10.9664,76.968,11.0097,76.9448,0,0,6.498,1019,692,0.679
10.9664,76.968,11.0305,77.0161,0,0,13.529,2081,1543,0.741
10.9664,76.968,11.076,77.0003,0,0,15.133,2096,1504,0.718
10.9664,76.968,11.009,76.9604,0,0,6.812,1098,740,0.674
10.9664,76.968,10.9996,76.9749,0,0,5.963,950,641,0.675
10.9664,76.968,11.0347,76.9765,0,0,9.135,1315,983,0.748
10.9664,76.968,11.0001,77.0268,0,0,10.561,1135,896,0.789
10.9664,76.968,10.9329,76.9248,0,0,9.215,1189,996,0.838
11.076,77.0003,11.0175,76.9681,0,0,9.267,1405,1025,0.730
11.076,77.0003,11.0097,76.9448,0,0,12.537,1966,1373,0.698
11.076,77.0003,11.0305,77.0161,0,0,7.945,1280,1066,0.833
11.076,77.0003,10.9664,76.968,0,0,16.245,2338,1716,0.734
11.076,77.0003,11.009,76.9604,0,0,11.323,1795,1294,0.721
11.076,77.0003,10.9996,76.9749,0,0,12.204,1689,1295,0.767
11.076,77.0003,11.0347,76.9765,0,0,7.821,1246,961,0.771
11.076,77.0003,11.0001,77.0268,0,0,16.081,2305,1670,0.725
11.076,77.0003,10.9329,76.9248,0,0,23.098,3250,2485,0.765
11.009,76.9604,11.0175,76.9681,0,0,1.827,494,338,0.684
11.009,76.9604,11.0097,76.9448,0,0,2.072,453,302,0.667
11.009,76.9604,11.0305,77.0161,0,0,10.135,1635,1293,0.791
11.009,76.9604,10.9664,76.968,0,0,6.585,1074,757,0.705
11.009,76.9604,11.076,77.0003,0,0,10.707,1641,1136,0.692
11.009,76.9604,10.9996,76.9749,0,0,3.642,614,483,0.787
11.009,76.9604,11.0347,76.9765,0,0,3.975,866,591,0.682
11.009,76.9604,11.0001,77.0268,0,0,9.570,1222,904,0.740
11.009,76.9604,10.9329,76.9248,0,0,13.438,1986,1535,0.773
10.9996,76.9749,11.0175,76.9681,0,0,3.301,661,480,0.726
10.9996,76.9749,11.0097,76.9448,0,0,4.214,775,538,0.694
10.9996,76.9749,11.0305,77.0161,0,0,8.828,1391,1113,0.800
10.9996,76.9749,10.9664,76.968,0,0,5.554,854,616,0.721
10.9996,76.9749,11.076,77.0003,0,0,11.439,1598,1182,0.740
10.9996,76.9749,11.009,76.9604,0,0,3.518,636,476,0.748
10.9996,76.9749,11.0347,76.9765,0,0,5.441,818,658,0.804
10.9996,76.9749,11.0001,77.0268,0,0,6.209,621,521,0.839
10.9996,76.9749,10.9329,76.9248,0,0,12.408,1766,1395,0.790
11.0347,76.9765,11.0175,76.9681,0,0,2.468,473,338,0.715
11.0347,76.9765,11.0097,76.9448,0,0,5.738,1034,689,0.666
11.0347,76.9765,11.0305,77.0161,0,0,7.161,1341,1125,0.839
11.0347,76.9765,10.9664,76.968,0,0,9.446,1406,1031,0.733
11.0347,76.9765,11.076,77.0003,0,0,6.606,990,729,0.736
11.0347,76.9765,11.009,76.9604,0,0,4.524,863,608,0.705
11.0347,76.9765,10.9996,76.9749,0,0,5.405,757,606,0.801
11.0347,76.9765,11.0001,77.0268,0,0,10.213,1487,1059,0.712
11.0347,76.9765,10.9329,76.9248,0,0,16.299,2318,1809,0.780
11.0001,77.0268,11.0175,76.9681,0,0,10.119,1337,1023,0.765
11.0001,77.0268,11.0097,76.9448,0,0,10.766,1499,1054,0.703
11.0001,77.0268,11.0305,77.0161,0,0,7.982,1251,997,0.797
11.0001,77.0268,10.9664,76.968,0,0,10.551,1124,925,0.823
11.0001,77.0268,11.076,77.0003,0,0,13.284,2015,1489,0.739
11.0001,77.0268,11.009,76.9604,0,0,9.905,1261,994,0.788
11.0001,77.0268,10.9996,76.9749,0,0,6.751,702,581,0.828
11.0001,77.0268,11.0347,76.9765,0,0,12.220,1546,1217,0.787
11.0001,77.0268,10.9329,76.9248,0,0,17.404,2036,1704,0.837
10.9329,76.9248,11.0175,76.9681,0,0,13.781,2093,1606,0.767
10.9329,76.9248,11.0097,76.9448,0,0,11.635,1695,1474,0.870
10.9329,76.9248,11.0305,77.0161,0,0,20.314,3015,2344,0.777
10.9329,76.9248,10.9664,76.968,0,0,9.220,1225,1051,0.858
10.9329,76.9248,11.076,77.0003,0,0,21.918,3030,2302,0.760
10.9329,76.9248,11.009,76.9604,0,0,13.597,2032,1551,0.763
10.9329,76.9248,10.9996,76.9749,0,0,12.748,1884,1448,0.769
10.9329,76.9248,11.0347,76.9765,0,0,15.920,2249,1786,0.794
10.9329,76.9248,11.0001,77.0268,0,0,17.299,2065,1701,0.824
12.9941,80.1709,13.0418,80.2341,0,0,11.017,1701,1196,0.703
12.9941,80.1709,11.0667,76.95,0,0,496.485,31480,30760,0.977
12.9941,80.1709,13.0827,80.2707,0,0,18.242,2849,1986,0.697
12.9941,80.1709,11.0175,76.9681,0,0,489.311,30571,29977,0.981
12.9941,80.1709,11.0265,77.1264,0,0,477.103,29625,29172,0.985
12.9941,80.1709,13.09,80.25,0,0,18.152,2971,2025,0.682
12.9941,80.1709,12.901,80.2279,0,0,23.163,2951,2221,0.753
12.9941,80.1709,11.0097,76.9448,0,0,490.800,30764,30117,0.979
12.9941,80.1709,11.076,77.0003,0,0,488.281,30805,30170,0.979
13.0418,80.2341,12.9941,80.1709,0,0,12.130,2083,1498,0.719
13.0418,80.2341,11.0667,76.95,0,0,506.810,33089,31467,0.951
13.0418,80.2341,13.0827,80.2707,0,0,7.225,1148,812,0.707
13.0418,80.2341,11.0175,76.9681,0,0,499.636,32180,30676,0.953
13.0418,80.2341,11.0265,77.1264,0,0,487.427,31234,29860,0.956
13.0418,80.2341,13.09,80.25,0,0,6.852,1249,865,0.693
13.0418,80.2341,12.901,80.2279,0,0,20.229,2811,1991,0.708
13.0418,80.2341,11.0097,76.9448,0,0,501.304,32246,30800,0.955
13.0418,80.2341,11.076,77.0003,0,0,498.605,32414,30874,0.952
11.0667,76.95,12.9941,80.1709,0,0,494.450,31162,29747,0.955
11.0667,76.95,13.0418,80.2341,0,0,504.635,32573,30959,0.950
11.0667,76.95,13.0827,80.2707,0,0,514.685,32939,31274,0.949
11.0667,76.95,11.0175,76.9681,0,0,8.724,1292,876,0.678
11.0667,76.95,11.0265,77.1264,0,0,27.588,3337,2478,0.743
11.0667,76.95,13.09,80.25,0,0,513.451,32783,31198,0.952
11.0667,76.95,12.901,80.2279,0,0,499.347,31604,30436,0.963
11.0667,76.95,11.0097,76.9448,0,0,8.107,1267,891,0.703
11.0667,76.95,11.076,77.0003,0,0,7.095,988,766,0.775
13.0827,80.2707,12.9941,80.1709,0,0,19.733,2948,2049,0.695
13.0827,80.2707,13.0418,80.2341,0,0,8.927,1444,1043,0.722
13.0827,80.2707,11.0667,76.95,0,0,516.039,33300,31790,0.955
13.0827,80.2707,11.0175,76.9681,0,0,508.865,32392,30999,0.957
13.0827,80.2707,11.0265,77.1264,0,0,496.657,31446,30178,0.960
13.0827,80.2707,13.09,80.25,0,0,3.978,762,513,0.673
13.0827,80.2707,12.901,80.2279,0,0,24.928,3514,2468,0.702
13.0827,80.2707,11.0097,76.9448,0,0,510.353,32584,31144,0.956
13.0827,80.2707,11.076,77.0003,0,0,507.834,32626,31195,0.956
11.0175,76.9681,12.9941,80.1709,0,0,488.264,30427,29240,0.961
11.0175,76.9681,13.0418,80.2341,0,0,498.449,31838,30434,0.956
11.0175,76.9681,11.0667,76.95,0,0,7.978,1176,877,0.746
11.0175,76.9681,13.0827,80.2707,0,0,508.499,32204,30765,0.955
11.0175,76.9681,11.0265,77.1264,0,0,22.848,2675,1976,0.739
11.0175,76.9681,13.09,80.25,0,0,507.265,32048,30695,0.958
11.0175,76.9681,12.901,80.2279,0,0,493.161,30868,29930,0.970
11.0265,77.1264,12.9941,80.1709,0,0,476.131,29098,28439,0.977
11.0265,77.1264,13.0418,80.2341,0,0,486.316,30509,29632,0.971
11.0265,77.1264,11.0667,76.95,0,0,28.060,3379,2595,0.768
11.0265,77.1264,13.0827,80.2707,0,0,496.366,30875,29976,0.971
11.0265,77.1264,11.0175,76.9681,0,0,21.891,2600,1982,0.762
11.0265,77.1264,13.09,80.25,0,0,495.131,30719,29908,0.974
11.0265,77.1264,12.901,80.2279,0,0,481.028,29540,29125,0.986
11.0265,77.1264,11.0097,76.9448,0,0,22.539,2762,2005,0.726
11.0265,77.1264,11.076,77.0003,0,0,24.639,2799,2177,0.778
13.09,80.25,12.9941,80.1709,0,0,18.387,3175,2072,0.653
13.09,80.25,13.0418,80.2341,0,0,9.096,1510,1083,0.717
13.09,80.25,11.0667,76.95,0,0,514.721,33067,31711,0.959
13.09,80.25,13.0827,80.2707,0,0,3.665,710,444,0.625
13.09,80.25,11.0175,76.9681,0,0,507.547,32159,30919,0.961
13.09,80.25,11.0265,77.1264,0,0,495.338,31213,30102,0.964
13.09,80.25,12.901,80.2279,0,0,25.098,3581,2507,0.700
13.09,80.25,11.0097,76.9448,0,0,509.035,32351,31065,0.960
13.09,80.25,11.076,77.0003,0,0,506.516,32393,31114,0.961
12.901,80.2279,12.9941,80.1709,0,0,21.243,2564,1984,0.774
12.901,80.2279,13.0418,80.2341,0,0,19.901,2855,2115,0.741
12.901,80.2279,11.0667,76.95,0,0,501.495,31588,31298,0.991
12.901,80.2279,13.0827,80.2707,0,0,24.963,3509,2590,0.738
12.901,80.2279,11.0175,76.9681,0,0,494.321,30679,30511,0.995
12.901,80.2279,11.0265,77.1264,0,0,482.112,29733,29694,0.999
12.901,80.2279,13.09,80.25,0,0,25.775,3719,2661,0.716
12.901,80.2279,11.0097,76.9448,0,0,495.809,30872,30656,0.993
12.901,80.2279,11.076,77.0003,0,0,493.290,30913,30713,0.994
11.0097,76.9448,12.9941,80.1709,0,0,490.746,30731,29447,0.958
11.0097,76.9448,13.0418,80.2341,0,0,500.931,32142,30649,0.954
11.0097,76.9448,11.0667,76.95,0,0,8.118,1188,894,0.753
11.0097,76.9448,13.0827,80.2707,0,0,510.981,32508,30965,0.953
11.0097,76.9448,11.0265,77.1264,0,0,22.336,2637,1943,0.737
11.0097,76.9448,13.09,80.25,0,0,509.747,32352,30888,0.955
11.0097,76.9448,12.901,80.2279,0,0,495.643,31172,30136,0.967
11.076,77.0003,12.9941,80.1709,0,0,488.772,30574,29399,0.962
11.076,77.0003,13.0418,80.2341,0,0,498.957,31986,30600,0.957
11.076,77.0003,11.0667,76.95,0,0,7.095,987,754,0.764
11.076,77.0003,13.0827,80.2707,0,0,509.007,32352,30918,0.956
11.076,77.0003,11.0265,77.1264,0,0,25.932,3094,2495,0.806
11.076,77.0003,13.09,80.25,0,0,507.773,32195,30843,0.958
11.076,77.0003,12.901,80.2279,0,0,493.670,31016,30087,0.970
11.0188,76.9038,10.9329,76.9248,0,0,16.091,2287,2013,0.880
11.0188,76.9038,12.9941,80.1709,0,0,495.305,31304,29871,0.954
11.0188,76.9038,13.02,80.22,0,0,501.936,32083,30541,0.952
11.0188,76.9038,13.085,80.2101,0,0,509.642,32142,30616,0.953
11.0188,76.9038,13.0418,80.2341,0,0,505.489,32715,31086,0.950
11.0188,76.9038,11.3,76.95,0,0,40.826,4160,3607,0.867
11.0188,76.9038,13.1147,80.1548,0,0,511.686,32267,30798,0.954
11.0188,76.9038,10.9664,76.968,0,0,12.952,1921,1461,0.761
11.0188,76.9038,13.0827,80.2707,0,0,515.539,33081,31386,0.949
10.9329,76.9248,11.0188,76.9038,0,0,16.982,2419,2070,0.856
10.9329,76.9248,12.9941,80.1709,0,0,499.567,31618,30160,0.954
10.9329,76.9248,13.02,80.22,0,0,506.198,32396,30827,0.952
10.9329,76.9248,13.085,80.2101,0,0,513.905,32455,30910,0.952
10.9329,76.9248,13.0418,80.2341,0,0,509.752,33029,31376,0.950
10.9329,76.9248,11.3,76.95,0,0,49.711,5448,4475,0.821
10.9329,76.9248,13.1147,80.1548,0,0,515.949,32581,31091,0.954
10.9329,76.9248,13.0827,80.2707,0,0,519.802,33395,31673,0.948
12.9941,80.1709,11.0188,76.9038,0,0,496.207,31464,30744,0.977
12.9941,80.1709,10.9329,76.9248,0,0,499.752,31838,31041,0.975
12.9941,80.1709,13.02,80.22,0,0,7.463,1069,828,0.775
12.9941,80.1709,13.085,80.2101,0,0,15.293,2223,1663,0.748
12.9941,80.1709,11.3,76.95,0,0,486.910,31318,30719,0.981
12.9941,80.1709,13.1147,80.1548,0,0,23.047,3333,2506,0.752
12.9941,80.1709,10.9664,76.968,0,0,493.035,30876,30179,0.977
13.02,80.22,11.0188,76.9038,0,0,502.078,32177,31105,0.967
13.02,80.22,10.9329,76.9248,0,0,505.623,32551,31395,0.964
13.02,80.22,12.9941,80.1709,0,0,7.676,1187,952,0.802
13.02,80.22,13.085,80.2101,0,0,10.645,1729,1316,0.761
13.02,80.22,13.0418,80.2341,0,0,4.157,897,619,0.690
13.02,80.22,11.3,76.95,0,0,492.780,32031,31062,0.970
13.02,80.22,13.1147,80.1548,0,0,18.399,2839,2158,0.760
13.02,80.22,10.9664,76.968,0,0,498.906,31589,30532,0.967
13.02,80.22,13.0827,80.2707,0,0,11.382,2044,1417,0.693
13.085,80.2101,11.0188,76.9038,0,0,509.679,32185,31362,0.974
13.085,80.2101,10.9329,76.9248,0,0,513.224,32559,31655,0.972
13.085,80.2101,12.9941,80.1709,0,0,15.378,2387,1699,0.712
13.085,80.2101,13.02,80.22,0,0,9.919,1668,1136,0.681
13.085,80.2101,13.0418,80.2341,0,0,7.446,1376,886,0.644
13.085,80.2101,11.3,76.95,0,0,500.382,32039,31330,0.978
13.085,80.2101,13.1147,80.1548,0,0,10.330,1691,1275,0.754
13.085,80.2101,10.9664,76.968,0,0,506.507,31597,30789,0.974
13.085,80.2101,13.0827,80.2707,0,0,7.830,1453,867,0.597
13.0418,80.2341,11.0188,76.9038,0,0,506.712,32946,31487,0.956
13.0418,80.2341,10.9329,76.9248,0,0,510.257,33320,31776,0.954
13.0418,80.2341,13.02,80.22,0,0,4.997,1092,721,0.660
13.0418,80.2341,13.085,80.2101,0,0,9.117,1502,1089,0.725
13.0418,80.2341,11.3,76.95,0,0,497.415,32800,31455,0.959
13.0418,80.2341,13.1147,80.1548,0,0,18.098,2835,2035,0.718
13.0418,80.2341,10.9664,76.968,0,0,503.540,32358,30908,0.955
11.3,76.95,11.0188,76.9038,0,0,39.710,4370,3616,0.827
11.3,76.95,10.9329,76.9248,0,0,48.865,5661,4484,0.792
11.3,76.95,12.9941,80.1709,0,0,486.348,30923,29818,0.964
11.3,76.95,13.02,80.22,0,0,492.979,31701,30490,0.962
11.3,76.95,13.085,80.2101,0,0,500.686,31760,30566,0.962
11.3,76.95,13.0418,80.2341,0,0,496.532,32334,31033,0.960
11.3,76.95,13.1147,80.1548,0,0,502.729,31886,30749,0.964
11.3,76.95,10.9664,76.968,0,0,42.012,4749,3715,0.782
11.3,76.95,13.0827,80.2707,0,0,506.582,32700,31338,0.958
13.1147,80.1548,11.0188,76.9038,0,0,511.702,32328,31543,0.976
13.1147,80.1548,10.9329,76.9248,0,0,515.247,32702,31830,0.973
13.1147,80.1548,12.9941,80.1709,0,0,24.005,3717,2545,0.685
13.1147,80.1548,13.02,80.22,0,0,18.546,2998,2001,0.667
13.1147,80.1548,13.085,80.2101,0,0,10.757,1842,1283,0.697
13.1147,80.1548,13.0418,80.2341,0,0,18.078,2859,1954,0.683
13.1147,80.1548,11.3,76.95,0,0,502.405,32182,31507,0.979
13.1147,80.1548,10.9664,76.968,0,0,508.530,31740,30961,0.975
13.1147,80.1548,13.0827,80.2707,0,0,18.985,3049,1958,0.642
10.9664,76.968,11.0188,76.9038,0,0,11.845,1743,1284,0.737
10.9664,76.968,12.9941,80.1709,0,0,492.782,30683,29519,0.962
10.9664,76.968,13.02,80.22,0,0,499.413,31462,30188,0.960
10.9664,76.968,13.085,80.2101,0,0,507.120,31521,30272,0.960
10.9664,76.968,13.0418,80.2341,0,0,502.967,32094,30732,0.958
10.9664,76.968,11.3,76.95,0,0,42.926,4514,3701,0.820
10.9664,76.968,13.1147,80.1548,0,0,509.163,31647,30471,0.963
10.9664,76.968,13.0827,80.2707,0,0,513.016,32461,31040,0.956
13.0827,80.2707,11.0188,76.9038,0,0,515.761,33285,31820,0.956
13.0827,80.2707,10.9329,76.9248,0,0,519.306,33658,32123,0.954
13.0827,80.2707,13.02,80.22,0,0,12.262,2106,1461,0.694
13.0827,80.2707,13.085,80.2101,0,0,10.047,1727,1185,0.686
13.0827,80.2707,11.3,76.95,0,0,506.464,33138,31795,0.959
13.0827,80.2707,13.1147,80.1548,0,0,19.025,3048,2112,0.693
13.0827,80.2707,10.9664,76.968,0,0,512.589,32696,31242,0.956
11.1167,77.1833,11.0097,76.9448,0,0,32.302,2932,2513,0.857
11.1167,77.1833,12.96,80.24,0,0,467.261,28692,28053,0.978
11.1167,77.1833,10.9664,76.968,0,0,34.129,3142,2677,0.852
11.1167,77.1833,13.05,80.26,0,0,474.692,29803,28970,0.972
11.1167,77.1833,13.0333,80.2667,0,0,474.004,29578,28817,0.974
11.1167,77.1833,10.9329,76.9248,0,0,40.982,4053,3438,0.848
11.1167,77.1833,11.0001,77.0268,0,0,25.446,2375,2146,0.904
11.1167,77.1833,11.0333,76.9333,0,0,35.787,3412,2880,0.844
11.1167,77.1833,13.08,80.26,0,0,478.747,29378,28714,0.977
11.0097,76.9448,11.1167,77.1833,0,0,31.387,2867,2549,0.889
11.0097,76.9448,12.96,80.24,0,0,498.185,31616,30215,0.956
11.0097,76.9448,13.05,80.26,0,0,505.615,32728,31188,0.953
11.0097,76.9448,13.0333,80.2667,0,0,504.928,32502,31017,0.954
11.0097,76.9448,11.0333,76.9333,0,0,3.580,506,382,0.755
11.0097,76.9448,13.08,80.26,0,0,509.671,32302,30797,0.953
12.96,80.24,11.1167,77.1833,0,0,467.009,28977,28340,0.978
12.96,80.24,11.0097,76.9448,0,0,496.726,31423,30454,0.969
12.96,80.24,10.9664,76.968,0,0,498.962,31535,30577,0.970
12.96,80.24,13.05,80.26,0,0,13.673,2113,1559,0.738
12.96,80.24,13.0333,80.2667,0,0,12.417,1895,1410,0.744
12.96,80.24,10.9329,76.9248,0,0,505.678,32497,31445,0.968
12.96,80.24,11.0001,77.0268,0,0,490.083,30908,29994,0.970
12.96,80.24,11.0333,76.9333,0,0,500.293,31863,30873,0.969
12.96,80.24,13.08,80.26,0,0,18.113,2718,1976,0.727
10.9664,76.968,11.1167,77.1833,0,0,33.244,3105,2684,0.864
10.9664,76.968,12.96,80.24,0,0,500.221,31569,30310,0.960
10.9664,76.968,13.05,80.26,0,0,507.651,32680,31285,0.957
10.9664,76.968,13.0333,80.2667,0,0,506.964,32455,31113,0.959
10.9664,76.968,11.0333,76.9333,0,0,9.983,1499,1066,0.711
10.9664,76.968,13.08,80.26,0,0,511.707,32255,30903,0.958
13.05,80.26,11.1167,77.1833,0,0,474.476,30148,28770,0.954
13.05,80.26,11.0097,76.9448,0,0,504.194,32594,30896,0.948
13.05,80.26,12.96,80.24,0,0,13.343,2129,1423,0.668
13.05,80.26,10.9664,76.968,0,0,506.429,32706,31009,0.948
13.05,80.26,13.0333,80.2667,0,0,4.388,900,547,0.608
13.05,80.26,10.9329,76.9248,0,0,513.146,33668,31880,0.947
13.05,80.26,11.0001,77.0268,0,0,497.551,32079,30431,0.949
13.05,80.26,11.0333,76.9333,0,0,507.761,33035,31313,0.948
13.05,80.26,13.08,80.26,0,0,6.686,1307,842,0.644
13.0333,80.2667,11.1167,77.1833,0,0,473.467,29993,28754,0.959
13.0333,80.2667,11.0097,76.9448,0,0,503.184,32439,30878,0.952
13.0333,80.2667,12.96,80.24,0,0,11.413,1895,1422,0.750
13.0333,80.2667,10.9664,76.968,0,0,505.420,32551,30990,0.952
13.0333,80.2667,13.05,80.26,0,0,3.584,747,575,0.770
13.0333,80.2667,10.9329,76.9248,0,0,512.137,33513,31861,0.951
13.0333,80.2667,11.0001,77.0268,0,0,496.542,31924,30411,0.953
13.0333,80.2667,11.0333,76.9333,0,0,506.751,32880,31295,0.952
13.0333,80.2667,13.08,80.26,0,0,8.180,1536,1071,0.697
10.9329,76.9248,11.1167,77.1833,0,0,40.029,4039,3532,0.874
10.9329,76.9248,12.96,80.24,0,0,507.006,32503,30982,0.953
10.9329,76.9248,13.05,80.26,0,0,514.437,33614,31960,0.951
10.9329,76.9248,13.0333,80.2667,0,0,513.749,33389,31803,0.952
10.9329,76.9248,11.0333,76.9333,0,0,15.120,2175,1852,0.851
10.9329,76.9248,13.08,80.26,0,0,518.492,33189,31596,0.952
11.0001,77.0268,11.1167,77.1833,0,0,23.949,2114,1870,0.885
11.0001,77.0268,12.96,80.24,0,0,490.927,30577,29576,0.967
11.0001,77.0268,13.05,80.26,0,0,498.357,31689,30555,0.964
11.0001,77.0268,13.0333,80.2667,0,0,497.670,31464,30398,0.966
11.0001,77.0268,11.0333,76.9333,0,0,14.251,1978,1428,0.722
11.0001,77.0268,13.08,80.26,0,0,502.413,31264,30186,0.966
11.0333,76.9333,11.1167,77.1833,0,0,33.824,3439,2828,0.822
11.0333,76.9333,11.0097,76.9448,0,0,4.992,717,527,0.735
11.0333,76.9333,12.96,80.24,0,0,500.802,31903,30422,0.954
11.0333,76.9333,10.9664,76.968,0,0,11.010,1634,1184,0.725
11.0333,76.9333,13.05,80.26,0,0,508.232,33014,31404,0.951
11.0333,76.9333,13.0333,80.2667,0,0,507.545,32789,31230,0.952
11.0333,76.9333,10.9329,76.9248,0,0,17.863,2546,1951,0.766
11.0333,76.9333,11.0001,77.0268,0,0,13.995,1782,1330,0.746
11.0333,76.9333,13.08,80.26,0,0,512.287,32589,31021,0.952
13.08,80.26,11.1167,77.1833,0,0,479.518,29921,28904,0.966
13.08,80.26,11.0097,76.9448,0,0,509.235,32367,31029,0.959
13.08,80.26,12.96,80.24,0,0,17.557,2548,1756,0.689
13.08,80.26,10.9664,76.968,0,0,511.471,32479,31146,0.959
13.08,80.26,13.05,80.26,0,0,5.796,1008,710,0.704
13.08,80.26,13.0333,80.2667,0,0,10.000,1744,1174,0.673
13.08,80.26,10.9329,76.9248,0,0,518.187,33441,32026,0.958
13.08,80.26,11.0001,77.0268,0,0,502.592,31852,30568,0.960
13.08,80.26,11.0333,76.9333,0,0,512.802,32808,31450,0.959
10.9664,76.968,13.0067,80.2206,0,0,500.197,31442,30143,0.959
10.9664,76.968,10.0733,78.7733,0,0,258.599,18088,18010,0.996
10.9664,76.968,8.718,77.747,0,0,357.253,21956,22078,1.006
10.9664,76.968,11.75,79.7667,0,0,366.885,23184,22491,0.970
10.9664,76.968,9.915,78.14,0,0,212.757,14537,14412,0.991
10.9664,76.968,10.805,78.6853,0,0,215.060,15164,14628,0.965
10.9664,76.968,12.7833,78.7,0,0,346.445,21007,20439,0.973
10.9664,76.968,11.2333,78.1667,0,0,161.379,11724,11324,0.966
13.0067,80.2206,10.9664,76.968,0,0,498.433,31458,30449,0.968
13.0067,80.2206,10.0733,78.7733,0,0,404.077,25872,25474,0.985
13.0067,80.2206,8.718,77.747,0,0,610.601,36853,36187,0.982
13.0067,80.2206,11.75,79.7667,0,0,174.299,13344,12329,0.924
13.0067,80.2206,9.915,78.14,0,0,446.792,27266,26899,0.987
13.0067,80.2206,10.805,78.6853,0,0,319.492,20526,20362,0.992
13.0067,80.2206,12.9941,80.1709,0,0,7.204,1056,843,0.798
13.0067,80.2206,12.7833,78.7,0,0,184.825,13776,13235,0.961
13.0067,80.2206,11.2333,78.1667,0,0,374.988,23706,23375,0.986
10.0733,78.7733,10.9664,76.968,0,0,254.476,18086,18613,1.029
10.0733,78.7733,13.0067,80.2206,0,0,405.674,25888,25139,0.971
10.0733,78.7733,8.718,77.747,0,0,250.339,15617,15579,0.998
10.0733,78.7733,11.75,79.7667,0,0,255.718,15283,15518,1.015
10.0733,78.7733,9.915,78.14,0,0,86.530,6029,5893,0.977
10.0733,78.7733,10.805,78.6853,0,0,89.570,6138,6047,0.985
10.0733,78.7733,12.9941,80.1709,0,0,398.259,25129,24533,0.976
10.0733,78.7733,12.7833,78.7,0,0,403.169,25828,25610,0.992
10.0733,78.7733,11.2333,78.1667,0,0,178.503,12898,12987,1.007
8.718,77.747,10.9664,76.968,0,0,360.575,21969,22561,1.027
8.718,77.747,13.0067,80.2206,0,0,612.894,36822,36223,0.984
8.718,77.747,10.0733,78.7733,0,0,251.266,15739,16042,1.019
8.718,77.747,11.75,79.7667,0,0,484.495,28338,28291,0.998
8.718,77.747,9.915,78.14,0,0,169.820,10313,10440,1.012
8.718,77.747,10.805,78.6853,0,0,289.964,17482,17182,0.983
8.718,77.747,12.9941,80.1709,0,0,605.478,36063,35507,0.985
8.718,77.747,12.7833,78.7,0,0,561.874,32387,31918,0.986
8.718,77.747,11.2333,78.1667,0,0,333.639,19298,19705,1.021
11.75,79.7667,10.9664,76.968,0,0,366.257,23067,22117,0.959
11.75,79.7667,13.0067,80.2206,0,0,176.038,13257,11412,0.861
11.75,79.7667,10.0733,78.7733,0,0,250.035,15104,14901,0.987
11.75,79.7667,8.718,77.747,0,0,483.000,28162,27356,0.971
11.75,79.7667,9.915,78.14,0,0,319.192,18574,17958,0.967
11.75,79.7667,10.805,78.6853,0,0,191.891,11834,11444,0.967
11.75,79.7667,12.9941,80.1709,0,0,168.623,12499,10866,0.869
11.75,79.7667,12.7833,78.7,0,0,224.092,16613,15862,0.955
11.75,79.7667,11.2333,78.1667,0,0,242.812,15314,14917,0.974
9.915,78.14,10.9664,76.968,0,0,215.309,14793,15152,1.024
9.915,78.14,13.0067,80.2206,0,0,445.785,27410,26416,0.964
9.915,78.14,10.0733,78.7733,0,0,87.151,6304,6154,0.976
9.915,78.14,8.718,77.747,0,0,161.703,10473,10193,0.973
9.915,78.14,11.75,79.7667,0,0,313.752,19110,18627,0.975
9.915,78.14,10.805,78.6853,0,0,132.689,7726,7567,0.979
9.915,78.14,12.9941,80.1709,0,0,438.370,26651,25801,0.968
9.915,78.14,12.7833,78.7,0,0,416.608,25212,24603,0.976
9.915,78.14,11.2333,78.1667,0,0,188.374,12123,12108,0.999
10.805,78.6853,10.9664,76.968,0,0,214.493,15087,15242,1.010
10.805,78.6853,13.0067,80.2206,0,0,321.204,20526,19928,0.971
10.805,78.6853,10.0733,78.7733,0,0,89.895,6168,5911,0.958
10.805,78.6853,8.718,77.747,0,0,296.437,17249,17129,0.993
10.805,78.6853,11.75,79.7667,0,0,189.180,12224,11919,0.975
10.805,78.6853,9.915,78.14,0,0,128.176,7691,7280,0.947
10.805,78.6853,12.9941,80.1709,0,0,313.788,19767,19318,0.977
10.805,78.6853,12.7833,78.7,0,0,318.699,20466,20350,0.994
10.805,78.6853,11.2333,78.1667,0,0,86.406,6738,7084,1.051
12.9941,80.1709,13.0067,80.2206,0,0,8.248,1049,842,0.803
12.9941,80.1709,10.0733,78.7733,0,0,398.679,25290,25204,0.997
12.9941,80.1709,8.718,77.747,0,0,605.202,36271,35933,0.991
12.9941,80.1709,11.75,79.7667,0,0,168.901,12762,11955,0.937
12.9941,80.1709,9.915,78.14,0,0,441.394,26683,26656,0.999
12.9941,80.1709,10.805,78.6853,0,0,314.093,19943,20096,1.008
12.9941,80.1709,12.7833,78.7,0,0,179.426,13194,12853,0.974
12.9941,80.1709,11.2333,78.1667,0,0,369.589,23124,23123,1.000
12.7833,78.7,10.9664,76.968,0,0,346.719,21070,20725,0.984
12.7833,78.7,13.0067,80.2206,0,0,185.284,13786,12651,0.918
12.7833,78.7,10.0733,78.7733,0,0,402.268,25483,25179,0.988
12.7833,78.7,8.718,77.747,0,0,533.298,32513,31453,0.967
12.7833,78.7,11.75,79.7667,0,0,248.088,16611,15908,0.958
12.7833,78.7,9.915,78.14,0,0,388.802,25094,24184,0.964
12.7833,78.7,10.805,78.6853,0,0,288.524,20752,19965,0.962
12.7833,78.7,12.9941,80.1709,0,0,177.868,13028,12095,0.928
12.7833,78.7,11.2333,78.1667,0,0,202.590,14172,13748,0.970
11.2333,78.1667,10.9664,76.968,0,0,160.896,11581,11430,0.987
11.2333,78.1667,13.0067,80.2206,0,0,376.360,23607,22801,0.966
11.2333,78.1667,10.0733,78.7733,0,0,177.658,12605,12409,0.984
11.2333,78.1667,8.718,77.747,0,0,334.467,19060,19166,1.006
11.2333,78.1667,11.75,79.7667,0,0,243.047,15349,14740,0.960
11.2333,78.1667,9.915,78.14,0,0,189.971,11641,11499,0.988
11.2333,78.1667,10.805,78.6853,0,0,86.352,6676,6780,1.016
11.2333,78.1667,12.9941,80.1709,0,0,368.945,22848,22203,0.972
11.2333,78.1667,12.7833,78.7,0,0,202.000,14225,13845,0.973
13.085,80.2101,10.45,77.5167,0,0,479.708,29733,29560,0.994
13.085,80.2101,9.51,78.1,0,0,505.943,30603,30281,0.989
13.085,80.2101,11.1085,77.3411,0,0,456.378,29050,28558,0.983
13.085,80.2101,12.6833,79.9833,0,0,56.560,5201,4068,0.782
13.085,80.2101,12.9784,80.2185,0,0,18.799,2699,1906,0.706
13.085,80.2101,9.5461,78.5886,0,0,501.250,30293,30126,0.994
13.085,80.2101,11.0175,76.9681,0,0,502.783,31292,30501,0.975
13.085,80.2101,11.2189,78.1673,0,0,384.661,24093,23879,0.991
13.085,80.2101,9.2881,79.3174,0,0,553.410,34517,34557,1.001
10.45,77.5167,13.085,80.2101,0,0,478.711,29684,28872,0.973
10.45,77.5167,9.51,78.1,0,0,167.080,10989,11262,1.025
10.45,77.5167,11.1085,77.3411,0,0,85.279,6455,6213,0.963
10.45,77.5167,12.6833,79.9833,0,0,422.824,25170,24947,0.991
10.45,77.5167,12.9784,80.2185,0,0,470.364,29466,28624,0.971
10.45,77.5167,9.5461,78.5886,0,0,191.051,13068,12991,0.994
10.45,77.5167,11.0175,76.9681,0,0,105.413,8310,7825,0.942
10.45,77.5167,11.2189,78.1673,0,0,150.887,9402,9718,1.034
10.45,77.5167,9.2881,79.3174,0,0,286.692,19222,19200,0.999
9.51,78.1,13.085,80.2101,0,0,505.998,30580,29761,0.973
9.51,78.1,10.45,77.5167,0,0,174.604,11014,11889,1.079
9.51,78.1,11.1085,77.3411,0,0,233.902,15408,16227,1.053
9.51,78.1,12.6833,79.9833,0,0,450.111,26066,25856,0.992
9.51,78.1,12.9784,80.2185,0,0,497.651,30362,29553,0.973
9.51,78.1,9.5461,78.5886,0,0,62.468,5041,5124,1.016
9.51,78.1,11.0175,76.9681,0,0,272.823,18027,18828,1.044
9.51,78.1,11.2189,78.1673,0,0,237.236,13993,14634,1.046
9.51,78.1,9.2881,79.3174,0,0,158.109,11195,11340,1.013
11.1085,77.3411,13.085,80.2101,0,0,456.782,28779,28086,0.976
11.1085,77.3411,10.45,77.5167,0,0,84.349,6229,5984,0.961
11.1085,77.3411,9.51,78.1,0,0,227.508,15233,15548,1.021
11.1085,77.3411,12.6833,79.9833,0,0,400.895,24265,24180,0.996
11.1085,77.3411,12.9784,80.2185,0,0,448.435,28560,27817,0.974
11.1085,77.3411,9.5461,78.5886,0,0,251.479,17313,17300,0.999
11.1085,77.3411,11.0175,76.9681,0,0,55.607,4606,3985,0.865
11.1085,77.3411,11.2189,78.1673,0,0,109.808,8959,9070,1.012
11.1085,77.3411,9.2881,79.3174,0,0,347.120,23467,23298,0.993
12.6833,79.9833,13.085,80.2101,0,0,56.769,5235,3966,0.758
12.6833,79.9833,10.45,77.5167,0,0,423.800,25074,26117,1.042
12.6833,79.9833,9.51,78.1,0,0,450.034,25944,26942,1.038
12.6833,79.9833,11.1085,77.3411,0,0,400.469,24391,25203,1.033
12.6833,79.9833,12.9784,80.2185,0,0,48.422,5017,3453,0.688
12.6833,79.9833,9.5461,78.5886,0,0,445.341,25634,26774,1.044
12.6833,79.9833,11.0175,76.9681,0,0,446.874,26633,27150,1.019
12.6833,79.9833,11.2189,78.1673,0,0,306.088,19585,20778,1.061
12.6833,79.9833,9.2881,79.3174,0,0,497.502,29858,30901,1.035
12.9784,80.2185,13.085,80.2101,0,0,15.670,2400,1751,0.730
12.9784,80.2185,10.45,77.5167,0,0,473.558,29978,29363,0.979
12.9784,80.2185,9.51,78.1,0,0,499.792,30847,30112,0.976
12.9784,80.2185,11.1085,77.3411,0,0,450.227,29295,28364,0.968
12.9784,80.2185,12.6833,79.9833,0,0,50.409,5445,3833,0.704
12.9784,80.2185,9.5461,78.5886,0,0,495.099,30537,29964,0.981
12.9784,80.2185,11.0175,76.9681,0,0,496.632,31537,30302,0.961
12.9784,80.2185,11.2189,78.1673,0,0,378.511,24338,23696,0.974
12.9784,80.2185,9.2881,79.3174,0,0,547.260,34761,34370,0.989
9.5461,78.5886,13.085,80.2101,0,0,501.003,30060,29698,0.988
9.5461,78.5886,10.45,77.5167,0,0,200.824,13121,13564,1.034
9.5461,78.5886,9.51,78.1,0,0,64.233,4944,5198,1.051
9.5461,78.5886,11.1085,77.3411,0,0,260.121,17515,18105,1.034
9.5461,78.5886,12.6833,79.9833,0,0,445.116,25546,25793,1.010
9.5461,78.5886,12.9784,80.2185,0,0,492.656,29842,29488,0.988
9.5461,78.5886,11.0175,76.9681,0,0,299.043,20134,20481,1.017
9.5461,78.5886,11.2189,78.1673,0,0,234.818,15679,16329,1.041
9.5461,78.5886,9.2881,79.3174,0,0,96.173,6755,6336,0.938
11.0175,76.9681,13.085,80.2101,0,0,502.602,31264,29946,0.958
11.0175,76.9681,10.45,77.5167,0,0,105.278,8157,7674,0.941
11.0175,76.9681,9.51,78.1,0,0,267.288,17923,17897,0.999
11.0175,76.9681,11.1085,77.3411,0,0,55.520,4932,4036,0.818
11.0175,76.9681,12.6833,79.9833,0,0,446.715,26750,26045,0.974
11.0175,76.9681,12.9784,80.2185,0,0,494.255,31046,29745,0.958
11.0175,76.9681,9.5461,78.5886,0,0,291.259,20003,19633,0.982
11.0175,76.9681,11.2189,78.1673,0,0,156.906,11543,11069,0.959
11.0175,76.9681,9.2881,79.3174,0,0,386.900,26157,25517,0.976
11.2189,78.1673,13.085,80.2101,0,0,384.748,23898,23143,0.968
11.2189,78.1673,10.45,77.5167,0,0,152.117,9223,9409,1.020
11.2189,78.1673,9.51,78.1,0,0,237.523,13735,13903,1.012
11.2189,78.1673,11.1085,77.3411,0,0,122.323,9032,8813,0.976
11.2189,78.1673,12.6833,79.9833,0,0,328.861,19384,19282,0.995
11.2189,78.1673,12.9784,80.2185,0,0,376.401,23679,22836,0.964
11.2189,78.1673,9.5461,78.5886,0,0,261.494,15814,15776,0.998
11.2189,78.1673,11.0175,76.9681,0,0,157.072,11307,11202,0.991
11.2189,78.1673,9.2881,79.3174,0,0,317.178,20848,20919,1.003
9.2881,79.3174,13.085,80.2101,0,0,553.666,34514,33628,0.974
9.2881,79.3174,10.45,77.5167,0,0,294.713,19363,19756,1.020
9.2881,79.3174,9.51,78.1,0,0,161.035,11168,11327,1.014
9.2881,79.3174,11.1085,77.3411,0,0,354.011,23757,24067,1.013
9.2881,79.3174,12.6833,79.9833,0,0,497.779,30000,29623,0.987
9.2881,79.3174,12.9784,80.2185,0,0,545.319,34296,33397,0.974
9.2881,79.3174,9.5461,78.5886,0,0,96.831,6966,7082,1.017
9.2881,79.3174,11.0175,76.9681,0,0,392.932,26376,26255,0.995
9.2881,79.3174,11.2189,78.1673,0,0,317.642,21160,21142,0.999
10.6588,77.0031,11.0305,77.0161,0,0,50.513,5102,4114,0.806
10.6588,77.0031,10.75,78.8,0,0,231.815,14637,14755,1.008
10.6588,77.0031,8.0883,77.5385,0,0,403.501,23527,23805,1.012
10.6588,77.0031,10.8621,78.6903,0,0,226.353,14007,14239,1.017
10.6588,77.0031,8.1833,77.4167,0,0,401.874,23854,23956,1.004
10.6588,77.0031,12.8441,80.0592,0,0,501.863,30238,29133,0.963
10.6588,77.0031,12.8342,79.7036,0,0,492.851,29863,28515,0.955
10.6588,77.0031,9.9667,77.8,0,0,163.611,11737,12147,1.035
10.6588,77.0031,11.076,77.0003,0,0,52.116,5117,4072,0.796
11.0305,77.0161,10.6588,77.0031,0,0,51.065,4803,4018,0.837
11.0305,77.0161,10.75,78.8,0,0,229.565,16773,16169,0.964
11.0305,77.0161,8.0883,77.5385,0,0,434.070,27141,27013,0.995
11.0305,77.0161,10.8621,78.6903,0,0,211.860,15226,14777,0.971
11.0305,77.0161,8.1833,77.4167,0,0,432.442,27468,27164,0.989
11.0305,77.0161,12.8441,80.0592,0,0,462.242,27559,26946,0.978
11.0305,77.0161,12.8342,79.7036,0,0,453.230,27184,26314,0.968
11.0305,77.0161,9.9667,77.8,0,0,194.179,15351,15377,1.002
10.75,78.8,10.6588,77.0031,0,0,231.759,14637,14798,1.011
10.75,78.8,11.0305,77.0161,0,0,227.388,16546,16481,0.996
10.75,78.8,8.0883,77.5385,0,0,393.046,22573,22171,0.982
10.75,78.8,10.8621,78.6903,0,0,22.751,2414,2128,0.882
10.75,78.8,8.1833,77.4167,0,0,391.418,22900,22309,0.974
10.75,78.8,12.8441,80.0592,0,0,300.016,18195,18073,0.993
10.75,78.8,12.8342,79.7036,0,0,289.048,19044,18825,0.989
10.75,78.8,9.9667,77.8,0,0,180.631,12075,11442,0.948
10.75,78.8,11.076,77.0003,0,0,231.766,17055,16851,0.988
8.0883,77.5385,10.6588,77.0031,0,0,410.267,23624,24299,1.029
8.0883,77.5385,11.0305,77.0161,0,0,441.860,27247,27525,1.010
8.0883,77.5385,10.75,78.8,0,0,393.413,22671,22900,1.010
8.0883,77.5385,10.8621,78.6903,0,0,387.950,22042,22410,1.017
8.0883,77.5385,8.1833,77.4167,0,0,20.897,2340,1951,0.834
8.0883,77.5385,12.8441,80.0592,0,0,665.225,37821,37620,0.995
8.0883,77.5385,12.8342,79.7036,0,0,654.257,38670,38558,0.997
8.0883,77.5385,9.9667,77.8,0,0,248.370,14626,15336,1.049
8.0883,77.5385,11.076,77.0003,0,0,446.237,27756,27911,1.006
10.8621,78.6903,10.6588,77.0031,0,0,226.379,14017,14400,1.027
10.8621,78.6903,11.0305,77.0161,0,0,212.901,15260,15543,1.019
10.8621,78.6903,10.75,78.8,0,0,22.714,2387,2134,0.894
10.8621,78.6903,8.0883,77.5385,0,0,387.666,21953,21790,0.993
10.8621,78.6903,8.1833,77.4167,0,0,386.038,22280,21938,0.985
10.8621,78.6903,12.8441,80.0592,0,0,282.657,16768,16941,1.010
10.8621,78.6903,12.8342,79.7036,0,0,271.689,17617,17831,1.012
10.8621,78.6903,9.9667,77.8,0,0,175.251,11455,10989,0.959
10.8621,78.6903,11.076,77.0003,0,0,217.279,15769,15884,1.007
8.1833,77.4167,10.6588,77.0031,0,0,407.749,23736,24327,1.025
8.1833,77.4167,11.0305,77.0161,0,0,439.341,27359,27552,1.007
8.1833,77.4167,10.75,78.8,0,0,390.895,22783,22924,1.006
8.1833,77.4167,8.0883,77.5385,0,0,19.353,1967,1581,0.804
8.1833,77.4167,10.8621,78.6903,0,0,385.432,22153,22435,1.013
8.1833,77.4167,12.8441,80.0592,0,0,662.707,37932,37647,0.992
8.1833,77.4167,12.8342,79.7036,0,0,651.739,38782,38584,0.995
8.1833,77.4167,9.9667,77.8,0,0,245.852,14738,15363,1.042
8.1833,77.4167,11.076,77.0003,0,0,443.719,27868,27939,1.003
12.8441,80.0592,10.6588,77.0031,0,0,505.415,30130,30796,1.022
12.8441,80.0592,11.0305,77.0161,0,0,463.628,28023,28368,1.012
12.8441,80.0592,10.75,78.8,0,0,301.751,18500,19464,1.052
12.8441,80.0592,8.0883,77.5385,0,0,666.703,38065,38460,1.010
12.8441,80.0592,10.8621,78.6903,0,0,284.461,17141,18248,1.065
12.8441,80.0592,8.1833,77.4167,0,0,665.075,38392,38772,1.010
12.8441,80.0592,12.8342,79.7036,0,0,52.656,4690,3797,0.810
12.8441,80.0592,9.9667,77.8,0,0,454.201,27554,28378,1.030
12.8441,80.0592,11.076,77.0003,0,0,468.005,28532,28770,1.008
12.8342,79.7036,10.6588,77.0031,0,0,493.347,30234,29426,0.973
12.8342,79.7036,11.0305,77.0161,0,0,453.592,27515,27003,0.981
12.8342,79.7036,10.75,78.8,0,0,289.580,19081,18946,0.993
12.8342,79.7036,8.0883,77.5385,0,0,654.532,38647,37968,0.982
12.8342,79.7036,10.8621,78.6903,0,0,272.290,17722,17722,1.000
12.8342,79.7036,8.1833,77.4167,0,0,652.905,38974,38283,0.982
12.8342,79.7036,12.8441,80.0592,0,0,47.834,4682,4016,0.858
12.8342,79.7036,9.9667,77.8,0,0,442.030,28135,27867,0.990
12.8342,79.7036,11.076,77.0003,0,0,457.969,28024,27379,0.977
9.9667,77.8,10.6588,77.0031,0,0,163.428,11864,12632,1.065
9.9667,77.8,11.0305,77.0161,0,0,195.020,15487,15817,1.021
9.9667,77.8,10.75,78.8,0,0,179.906,11941,11347,0.950
9.9667,77.8,8.0883,77.5385,0,0,248.335,14563,14902,1.023
9.9667,77.8,10.8621,78.6903,0,0,174.443,11311,10864,0.960
9.9667,77.8,8.1833,77.4167,0,0,246.707,14890,15148,1.017
9.9667,77.8,12.8441,80.0592,0,0,451.718,27090,26174,0.966
9.9667,77.8,12.8342,79.7036,0,0,440.750,27939,27059,0.969
9.9667,77.8,11.076,77.0003,0,0,199.398,15996,16165,1.011
11.076,77.0003,10.6588,77.0031,0,0,53.367,5286,4216,0.798
11.076,77.0003,10.75,78.8,0,0,235.573,17364,16638,0.958
11.076,77.0003,8.0883,77.5385,0,0,440.078,27732,27583,0.995
11.076,77.0003,10.8621,78.6903,0,0,217.869,15817,15242,0.964
11.076,77.0003,8.1833,77.4167,0,0,438.447,28058,27738,0.989
11.076,77.0003,12.8441,80.0592,0,0,467.474,28213,27377,0.970
11.076,77.0003,12.8342,79.7036,0,0,458.462,27837,26755,0.961
11.076,77.0003,9.9667,77.8,0,0,200.188,15942,15901,0.997
10.9167,76.9667,12.9784,80.2185,1,0,502.270,31478,30330,0.964
10.9167,76.9667,13.1433,79.91,1,0,503.721,32286,31406,0.973
10.9167,76.9667,11.1936,77.2681,1,0,51.590,4133,3910,0.946
10.9167,76.9667,11.0175,76.9681,1,0,13.263,1940,1385,0.714
10.9167,76.9667,12.802,80.021,1,0,468.711,28017,27348,0.976
10.9167,76.9667,12.901,80.2279,1,0,501.176,31301,30471,0.973
10.9167,76.9667,13.0667,80.2,1,0,510.352,31602,30481,0.965
10.9167,76.9667,9.9195,78.1193,1,0,208.612,14357,14427,1.005
10.9167,76.9667,11.1085,77.3411,1,0,63.535,5364,4755,0.886
12.9784,80.2185,10.9167,76.9667,1,0,504.059,32252,30895,0.958
12.9784,80.2185,13.1433,79.91,1,0,44.975,5404,4621,0.855
12.9784,80.2185,11.1936,77.2681,1,0,455.408,28783,27834,0.967
12.9784,80.2185,11.0175,76.9681,1,0,496.632,31537,30275,0.960
12.9784,80.2185,12.802,80.021,1,0,36.493,4121,2754,0.668
12.9784,80.2185,12.901,80.2279,1,0,14.834,1807,1463,0.810
12.9784,80.2185,13.0667,80.2,1,0,13.447,2028,1400,0.690
12.9784,80.2185,9.9195,78.1193,1,0,444.846,28023,27373,0.977
12.9784,80.2185,11.1085,77.3411,1,0,450.227,29295,28333,0.967
13.1433,79.91,10.9167,76.9667,1,0,504.350,32703,32077,0.981
13.1433,79.91,12.9784,80.2185,1,0,45.953,5982,4990,0.834
13.1433,79.91,11.1936,77.2681,1,0,455.699,29233,28991,0.992
13.1433,79.91,11.0175,76.9681,1,0,496.923,31988,31444,0.983
13.1433,79.91,12.802,80.021,1,0,55.646,5013,4549,0.907
13.1433,79.91,12.901,80.2279,1,0,55.598,6283,5309,0.845
13.1433,79.91,13.0667,80.2,1,0,38.831,4481,3722,0.831
13.1433,79.91,9.9195,78.1193,1,0,452.511,28371,28891,1.018
13.1433,79.91,11.1085,77.3411,1,0,450.518,29745,29514,0.992
11.1936,77.2681,10.9167,76.9667,1,0,51.667,4180,3943,0.943
11.1936,77.2681,12.9784,80.2185,1,0,453.526,28045,27313,0.974
11.1936,77.2681,13.1433,79.91,1,0,464.829,28960,28433,0.982
11.1936,77.2681,11.0175,76.9681,1,0,44.202,3517,3092,0.879
11.1936,77.2681,12.802,80.021,1,0,419.967,24583,24419,0.993
11.1936,77.2681,12.901,80.2279,1,0,452.433,27867,27482,0.986
11.1936,77.2681,13.0667,80.2,1,0,461.609,28169,27561,0.978
11.1936,77.2681,9.9195,78.1193,1,0,188.297,14356,13965,0.973
11.1936,77.2681,11.1085,77.3411,1,0,14.775,1832,1383,0.755
11.0175,76.9681,10.9167,76.9667,1,0,15.352,2142,1554,0.725
11.0175,76.9681,12.9784,80.2185,1,0,494.255,31046,29733,0.958
11.0175,76.9681,13.1433,79.91,1,0,495.707,31853,30714,0.964
11.0175,76.9681,11.1936,77.2681,1,0,43.575,3700,3170,0.857
11.0175,76.9681,12.802,80.021,1,0,460.696,27584,26751,0.970
11.0175,76.9681,12.901,80.2279,1,0,493.161,30868,29869,0.968
11.0175,76.9681,13.0667,80.2,1,0,502.337,31170,29894,0.959
11.0175,76.9681,9.9195,78.1193,1,0,218.654,15652,15189,0.970
11.0175,76.9681,11.1085,77.3411,1,0,55.520,4932,4013,0.814
12.802,80.021,10.9167,76.9667,1,0,468.328,28258,28729,1.017
12.802,80.021,12.9784,80.2185,1,0,33.537,3524,2363,0.671
12.802,80.021,13.1433,79.91,1,0,54.232,4886,4373,0.895
12.802,80.021,11.1936,77.2681,1,0,419.677,24789,25654,1.035
12.802,80.021,11.0175,76.9681,1,0,460.902,27543,28067,1.019
12.802,80.021,12.901,80.2279,1,0,32.375,3919,2785,0.711
12.802,80.021,13.0667,80.2,1,0,41.620,3648,2810,0.770
12.802,80.021,9.9195,78.1193,1,0,409.115,24029,25275,1.052
12.802,80.021,11.1085,77.3411,1,0,414.497,25300,26152,1.034
12.901,80.2279,10.9167,76.9667,1,0,501.747,31394,31009,0.988
12.901,80.2279,12.9784,80.2185,1,0,12.662,1612,1189,0.738
12.901,80.2279,13.1433,79.91,1,0,55.206,6725,5428,0.807
12.901,80.2279,11.1936,77.2681,1,0,453.096,27925,27943,1.001
12.901,80.2279,11.0175,76.9681,1,0,494.321,30679,30386,0.990
12.901,80.2279,12.802,80.021,1,0,39.466,4283,2990,0.698
12.901,80.2279,13.0667,80.2,1,0,25.917,3577,2538,0.710
12.901,80.2279,9.9195,78.1193,1,0,442.534,27165,27462,1.011
12.901,80.2279,11.1085,77.3411,1,0,447.915,28437,28443,1.000
13.0667,80.2,10.9167,76.9667,1,0,508.443,31919,31100,0.974
13.0667,80.2,12.9784,80.2185,1,0,17.495,2579,1875,0.727
13.0667,80.2,13.1433,79.91,1,0,37.734,4452,3736,0.839
13.0667,80.2,11.1936,77.2681,1,0,459.791,28450,28030,0.985
13.0667,80.2,11.0175,76.9681,1,0,501.016,31204,30476,0.977
13.0667,80.2,12.802,80.021,1,0,40.877,3788,3009,0.794
13.0667,80.2,12.901,80.2279,1,0,27.927,3914,2805,0.717
13.0667,80.2,9.9195,78.1193,1,0,449.229,27690,27558,0.995
13.0667,80.2,11.1085,77.3411,1,0,454.611,28962,28535,0.985
9.9195,78.1193,10.9167,76.9667,1,0,211.912,14418,15080,1.046
9.9195,78.1193,12.9784,80.2185,1,0,442.065,27097,26383,0.974
9.9195,78.1193,13.1433,79.91,1,0,453.367,28012,27524,0.983
9.9195,78.1193,11.1936,77.2681,1,0,213.891,14753,15061,1.021
9.9195,78.1193,11.0175,76.9681,1,0,221.146,15737,16072,1.021
9.9195,78.1193,12.802,80.021,1,0,408.506,23635,23524,0.995
9.9195,78.1193,12.901,80.2279,1,0,440.971,26919,26570,0.987
9.9195,78.1193,13.0667,80.2,1,0,450.147,27221,26629,0.978
9.9195,78.1193,11.1085,77.3411,1,0,182.224,13118,13502,1.029
11.1085,77.3411,10.9167,76.9667,1,0,63.033,5321,4803,0.903
11.1085,77.3411,12.9784,80.2185,1,0,451.486,28574,27779,0.972
11.1085,77.3411,13.1433,79.91,1,0,452.938,29381,28863,0.982
11.1085,77.3411,11.1936,77.2681,1,0,14.374,1761,1354,0.769
11.1085,77.3411,11.0175,76.9681,1,0,55.607,4606,3967,0.861
11.1085,77.3411,12.802,80.021,1,0,417.927,25112,24858,0.990
11.1085,77.3411,12.901,80.2279,1,0,450.392,28397,27935,0.984
11.1085,77.3411,13.0667,80.2,1,0,459.568,28698,28008,0.976
11.1085,77.3411,9.9195,78.1193,1,0,174.736,12798,12769,0.998
10.7667,79.8333,11.0667,76.95,1,0,356.749,25352,24296,0.958
10.7667,79.8333,11.341,77.717,1,0,279.683,20296,19812,0.976
10.7667,79.8333,12.1333,78.1667,1,0,340.403,23446,23006,0.981
10.7667,79.8333,11.3003,76.9407,1,0,365.900,25657,25074,0.977
10.7667,79.8333,12.7094,80.0016,1,0,271.125,19758,19383,0.981
10.7667,79.8333,10.5833,77.25,1,0,329.125,20172,20343,1.008
10.7667,79.8333,11.7333,78.9667,1,0,192.006,14414,14233,0.987
10.7667,79.8333,9.7333,77.2833,1,0,358.507,22558,22453,0.995
10.7667,79.8333,11.7833,78.2167,1,0,289.693,21693,21631,0.997
11.0667,76.95,10.7667,79.8333,1,0,359.030,25418,24060,0.947
11.0667,76.95,11.341,77.717,1,0,105.748,7835,7072,0.903
11.0667,76.95,12.1333,78.1667,1,0,236.244,15610,14989,0.960
11.0667,76.95,11.3003,76.9407,1,0,28.903,2690,2245,0.835
11.0667,76.95,12.7094,80.0016,1,0,460.015,28566,27495,0.963
11.0667,76.95,10.5833,77.25,1,0,74.696,6721,5873,0.874
11.0667,76.95,11.7333,78.9667,1,0,272.407,17196,16408,0.954
11.0667,76.95,9.7333,77.2833,1,0,262.888,18602,18312,0.984
11.0667,76.95,11.7833,78.2167,1,0,200.784,14728,14007,0.951
11.341,77.717,10.7667,79.8333,1,0,279.031,20043,19592,0.977
11.341,77.717,11.0667,76.95,1,0,107.262,7838,7200,0.919
11.341,77.717,12.1333,78.1667,1,0,118.089,8939,8779,0.982
11.341,77.717,11.3003,76.9407,1,0,97.772,7676,7316,0.953
11.341,77.717,12.7094,80.0016,1,0,351.687,22108,21767,0.985
11.341,77.717,10.5833,77.25,1,0,127.249,9485,9470,0.998
11.341,77.717,11.7333,78.9667,1,0,164.079,10738,10297,0.959
11.341,77.717,9.7333,77.2833,1,0,264.459,16982,16656,0.981
11.341,77.717,11.7833,78.2167,1,0,92.456,8270,8141,0.984
12.1333,78.1667,10.7667,79.8333,1,0,341.602,23582,22932,0.972
12.1333,78.1667,11.0667,76.95,1,0,238.265,15714,14919,0.949
12.1333,78.1667,11.341,77.717,1,0,117.972,9047,8745,0.967
12.1333,78.1667,11.3003,76.9407,1,0,228.775,15552,14981,0.963
12.1333,78.1667,12.7094,80.0016,1,0,257.047,17434,17174,0.985
12.1333,78.1667,10.5833,77.25,1,0,233.486,17958,17121,0.953
12.1333,78.1667,11.7333,78.9667,1,0,175.333,11271,10946,0.971
12.1333,78.1667,9.7333,77.2833,1,0,350.855,21865,21886,1.001
12.1333,78.1667,11.7833,78.2167,1,0,96.068,8242,8302,1.007
11.3003,76.9407,10.7667,79.8333,1,0,368.285,25782,25112,0.974
11.3003,76.9407,11.0667,76.95,1,0,29.464,2927,2397,0.819
11.3003,76.9407,11.341,77.717,1,0,97.731,7580,7223,0.953
11.3003,76.9407,12.1333,78.1667,1,0,228.227,15356,15143,0.986
11.3003,76.9407,12.7094,80.0016,1,0,451.998,28312,27617,0.975
11.3003,76.9407,10.5833,77.25,1,0,102.575,9362,7993,0.854
11.3003,76.9407,11.7333,78.9667,1,0,264.390,16942,16548,0.977
11.3003,76.9407,9.7333,77.2833,1,0,270.619,19352,19676,1.017
11.3003,76.9407,11.7833,78.2167,1,0,192.767,14474,14157,0.978
12.7094,80.0016,10.7667,79.8333,1,0,271.496,19806,20348,1.027
12.7094,80.0016,11.0667,76.95,1,0,461.566,28740,29013,1.009
12.7094,80.0016,11.341,77.717,1,0,354.813,22283,23291,1.045
12.7094,80.0016,12.1333,78.1667,1,0,276.976,18838,18188,0.965
12.7094,80.0016,11.3003,76.9407,1,0,452.076,28578,29087,1.018
12.7094,80.0016,10.5833,77.25,1,0,461.077,27720,28688,1.035
12.7094,80.0016,11.7333,78.9667,1,0,189.975,12458,13576,1.090
12.7094,80.0016,9.7333,77.2833,1,0,490.460,30105,30978,1.029
12.7094,80.0016,11.7833,78.2167,1,0,312.559,21008,22304,1.062
10.5833,77.25,10.7667,79.8333,1,0,328.937,20057,20463,1.020
10.5833,77.25,11.0667,76.95,1,0,78.526,6874,5798,0.843
10.5833,77.25,11.341,77.717,1,0,128.282,9546,9501,0.995
10.5833,77.25,12.1333,78.1667,1,0,258.778,17321,17176,0.992
10.5833,77.25,11.3003,76.9407,1,0,105.821,9252,7760,0.839
10.5833,77.25,12.7094,80.0016,1,0,462.678,27605,27354,0.991
10.5833,77.25,11.7333,78.9667,1,0,294.941,18907,18751,0.992
10.5833,77.25,9.7333,77.2833,1,0,190.680,12359,12441,1.007
10.5833,77.25,11.7833,78.2167,1,0,223.318,16439,16418,0.999
11.7333,78.9667,10.7667,79.8333,1,0,193.256,14514,14114,0.972
11.7333,78.9667,11.0667,76.95,1,0,273.683,17234,16256,0.943
11.7333,78.9667,11.341,77.717,1,0,166.929,10776,10363,0.962
11.7333,78.9667,12.1333,78.1667,1,0,175.386,11255,11066,0.983
11.7333,78.9667,11.3003,76.9407,1,0,264.193,17071,16409,0.961
11.7333,78.9667,12.7094,80.0016,1,0,189.631,12320,12315,1.000
11.7333,78.9667,10.5833,77.25,1,0,294.686,18958,18302,0.965
11.7333,78.9667,9.7333,77.2833,1,0,350.922,21878,21657,0.990
11.7333,78.9667,11.7833,78.2167,1,0,124.676,9502,9570,1.007
9.7333,77.2833,10.7667,79.8333,1,0,356.385,22374,22101,0.988
9.7333,77.2833,11.0667,76.95,1,0,262.679,18655,18525,0.993
9.7333,77.2833,11.341,77.717,1,0,263.553,16950,16728,0.987
9.7333,77.2833,12.1333,78.1667,1,0,350.631,21843,21573,0.988
9.7333,77.2833,11.3003,76.9407,1,0,270.684,19464,19605,1.007
9.7333,77.2833,12.7094,80.0016,1,0,490.125,29923,28940,0.967
9.7333,77.2833,10.5833,77.25,1,0,188.642,12325,12577,1.020
9.7333,77.2833,11.7333,78.9667,1,0,350.835,21886,21441,0.980
9.7333,77.2833,11.7833,78.2167,1,0,310.004,20901,20904,1.000
11.7833,78.2167,10.7667,79.8333,1,0,290.921,21537,21326,0.990
11.7833,78.2167,11.0667,76.95,1,0,202.808,14723,13735,0.933
11.7833,78.2167,11.341,77.717,1,0,96.054,8265,7860,0.951
11.7833,78.2167,12.1333,78.1667,1,0,95.934,8141,8038,0.987
11.7833,78.2167,11.3003,76.9407,1,0,193.318,14560,13772,0.946
11.7833,78.2167,12.7094,80.0016,1,0,312.260,20595,20772,1.009
11.7833,78.2167,10.5833,77.25,1,0,223.811,16447,15868,0.965
11.7833,78.2167,11.7333,78.9667,1,0,124.652,9225,9243,1.002
11.7833,78.2167,9.7333,77.2833,1,0,310.735,20850,20484,0.982
10.3667,77.9667,12.7094,80.0016,1,0,1,0,best_guess,375.096,22542,22198,0.985,2026-02-28T19:40:58.439Z
12.7094,80.0016,10.3667,77.9667,1,0,1,0,best_guess,375.419,22690,23696,1.044,2026-02-28T19:40:58.439Z
10.9167,76.9667,8.753,78.17,1,0,1,0,best_guess,358.031,21751,22083,1.015,2026-02-28T19:40:58.439Z
10.9167,76.9667,12.9941,80.1709,1,0,1,0,best_guess,496.279,30859,29652,0.961,2026-02-28T19:40:58.439Z
8.753,78.17,10.3667,77.9667,1,0,1,0,best_guess,214.037,12688,13655,1.076,2026-02-28T19:40:58.439Z
9.45,77.8167,12.9941,80.1709,1,0,1,0,best_guess,523.022,32110,31146,0.970,2026-02-28T19:40:58.439Z
12.9667,79.95,9.45,77.8167,1,0,1,0,best_guess,518.023,31163,31755,1.019,2026-02-28T19:40:58.439Z
11.7833,77.8,10.3667,77.9667,1,0,1,0,best_guess,189.337,13153,12956,0.985,2026-02-28T19:40:58.439Z
11.5947,78.5975,12.9667,79.95,1,0,1,0,best_guess,267.523,16436,16562,1.008,2026-02-28T19:40:58.439Z
10.75,78.8,12.7094,80.0016,1,0,1,0,best_guess,286.883,17961,17953,1.000,2026-02-28T19:40:58.439Z
11.7833,77.8,8.753,78.17,1,0,1,0,best_guess,401.734,24789,24506,0.989,2026-02-28T19:40:58.439Z
8.753,78.17,12.9667,79.95,1,0,1,0,best_guess,585.003,33951,34024,1.002,2026-02-28T19:40:58.439Z
10.9167,76.9667,12.9667,79.95,1,0,1,0,best_guess,494.304,30098,28723,0.954,2026-02-28T19:40:58.439Z
10.3667,77.9667,8.753,78.17,1,0,1,0,best_guess,216.071,12212,12363,1.012,2026-02-28T19:40:58.439Z
10.75,78.8,12.9941,80.1709,1,0,1,0,best_guess,321.326,20554,20004,0.973,2026-02-28T19:40:58.439Z
10.3667,77.9667,12.9941,80.1709,1,0,1,0,best_guess,409.531,25138,24246,0.965,2026-02-28T19:40:58.439Z
9.45,77.8167,11.5947,78.5975,1,0,1,0,best_guess,322.831,21435,20852,0.973,2026-02-28T19:40:58.439Z
12.7094,80.0016,11.7833,77.8,1,0,1,0,best_guess,346.341,23268,22816,0.981,2026-02-28T19:40:58.439Z
12.7094,80.0016,10.75,78.8,1,0,1,0,best_guess,287.107,18033,19164,1.063,2026-02-28T19:40:58.439Z
11.7833,77.8,10.75,78.8,1,0,1,0,best_guess,190.995,15668,15133,0.966,2026-02-28T19:40:58.439Z
9.45,77.8167,12.7094,80.0016,1,0,1,0,best_guess,488.587,29514,28987,0.982,2026-02-28T19:40:58.439Z
11.5947,78.5975,10.75,78.8,1,0,1,0,best_guess,129.063,9536,9449,0.991,2026-02-28T19:40:58.439Z
10.75,78.8,11.5947,78.5975,1,0,1,0,best_guess,127.967,9560,9264,0.969,2026-02-28T19:40:58.439Z
12.9667,79.95,11.5947,78.5975,1,0,1,0,best_guess,265.827,16497,17554,1.064,2026-02-28T19:40:58.439Z
12.9667,79.95,8.753,78.17,1,0,1,0,best_guess,583.363,33719,34255,1.016,2026-02-28T19:40:58.439Z
11.5947,78.5975,12.9941,80.1709,1,0,1,0,best_guess,270.825,17299,16907,0.977,2026-02-28T19:40:58.439Z
12.7094,80.0016,11.5947,78.5975,1,0,1,0,best_guess,236.663,14879,16098,1.082,2026-02-28T19:40:58.439Z
12.9941,80.1709,11.5947,78.5975,1,0,1,0,best_guess,271.582,17618,17608,0.999,2026-02-28T19:40:58.439Z
11.5947,78.5975,10.9167,76.9667,1,0,1,0,best_guess,226.261,14647,13833,0.944,2026-02-28T19:40:58.439Z
10.9167,76.9667,10.3667,77.9667,1,0,1,0,best_guess,152.237,9937,10301,1.037,2026-02-28T19:40:58.439Z
10.75,78.8,10.3667,77.9667,1,0,1,0,best_guess,116.406,7664,7265,0.948,2026-02-28T19:40:58.439Z
9.45,77.8167,11.7833,77.8,1,0,1,0,best_guess,318.821,21258,21512,1.012,2026-02-28T19:40:58.439Z
12.9941,80.1709,12.7094,80.0016,1,0,1,0,best_guess,44.998,4916,3769,0.767,2026-02-28T19:40:58.439Z
10.3667,77.9667,11.5947,78.5975,1,0,1,0,best_guess,202.383,12892,13042,1.012,2026-02-28T19:40:58.439Z
10.75,78.8,9.45,77.8167,1,0,1,0,best_guess,229.846,14519,14190,0.977,2026-02-28T19:40:58.439Z
9.45,77.8167,10.3667,77.9667,1,0,1,0,best_guess,130.103,8762,8709,0.994,2026-02-28T19:40:58.439Z
10.3667,77.9667,11.7833,77.8,1,0,1,0,best_guess,189.375,13238,12906,0.975,2026-02-28T19:40:58.439Z
10.75,78.8,10.9167,76.9667,1,0,1,0,best_guess,231.797,16609,16583,0.998,2026-02-28T19:40:58.439Z
12.9667,79.95,10.75,78.8,1,0,1,0,best_guess,316.272,19651,20580,1.047,2026-02-28T19:40:58.439Z
11.7833,77.8,9.45,77.8167,1,0,1,0,best_guess,317.752,21012,20933,0.996,2026-02-28T19:40:58.439Z
9.45,77.8167,8.753,78.17,1,0,1,0,best_guess,110.238,7507,7736,1.031,2026-02-28T19:40:58.439Z
11.5947,78.5975,8.753,78.17,1,0,1,0,best_guess,396.155,23603,23281,0.986,2026-02-28T19:40:58.439Z
12.7094,80.0016,8.753,78.17,1,0,1,0,best_guess,554.199,32101,32880,1.024,2026-02-28T19:40:58.439Z
11.7833,77.8,11.5947,78.5975,1,0,1,0,best_guess,113.395,8750,8499,0.971,2026-02-28T19:40:58.439Z
12.9941,80.1709,10.3667,77.9667,1,0,1,0,best_guess,410.338,25430,25133,0.988,2026-02-28T19:40:58.439Z
10.75,78.8,11.7833,77.8,1,0,1,0,best_guess,192.888,15911,15669,0.985,2026-02-28T19:40:58.439Z
9.45,77.8167,10.75,78.8,1,0,1,0,best_guess,223.068,14920,14230,0.954,2026-02-28T19:40:58.439Z
11.7833,77.8,12.9941,80.1709,1,0,1,0,best_guess,354.096,23677,23456,0.991,2026-02-28T19:40:58.439Z
12.9941,80.1709,11.7833,77.8,1,0,1,0,best_guess,355.641,23964,23464,0.979,2026-02-28T19:40:58.439Z
12.9941,80.1709,10.9167,76.9667,1,0,1,0,best_guess,496.738,31286,30324,0.969,2026-02-28T19:40:58.439Z
9.45,77.8167,10.9167,76.9667,1,0,1,0,best_guess,276.293,17855,18351,1.028,2026-02-28T19:40:58.439Z
10.3667,77.9667,10.75,78.8,1,0,1,0,best_guess,116.416,7626,7170,0.940,2026-02-28T19:40:58.439Z
12.7094,80.0016,12.9941,80.1709,1,0,1,0,best_guess,44.153,4818,3707,0.769,2026-02-28T19:40:58.439Z
8.753,78.17,11.7833,77.8,1,0,1,0,best_guess,402.754,25185,26028,1.033,2026-02-28T19:40:58.439Z
12.9667,79.95,11.7833,77.8,1,0,1,0,best_guess,325.553,20636,20859,1.011,2026-02-28T19:40:58.439Z
12.9667,79.95,10.9167,76.9667,1,0,1,0,best_guess,495.234,30583,29892,0.977,2026-02-28T19:40:58.439Z
10.9167,76.9667,10.75,78.8,1,0,1,0,best_guess,234.911,16759,16294,0.972,2026-02-28T19:40:58.439Z
10.3667,77.9667,9.45,77.8167,1,0,1,0,best_guess,132.089,8435,8581,1.017,2026-02-28T19:40:58.439Z
12.7094,80.0016,10.9167,76.9667,1,0,1,0,best_guess,461.819,28547,28925,1.013,2026-02-28T19:40:58.439Z
12.9941,80.1709,9.45,77.8167,1,0,1,0,best_guess,523.778,32284,31793,0.985,2026-02-28T19:40:58.439Z
10.9167,76.9667,9.45,77.8167,1,0,1,0,best_guess,274.049,17975,18533,1.031,2026-02-28T19:40:58.439Z
10.75,78.8,12.9667,79.95,1,0,1,0,best_guess,318.025,19692,19528,0.992,2026-02-28T19:40:58.439Z
11.0175,76.9681,10.7828,79.1318,2,0,1,0,pessimistic,273.093,19702,22750,1.155,2026-02-28T20:30:00.718Z
10.7667,79.6333,10.9601,78.0766,2,0,1,0,pessimistic,191.946,13515,14236,1.053,2026-02-28T20:30:00.718Z
10.7667,79.6333,11.0175,76.9681,2,0,1,0,pessimistic,324.544,22499,25194,1.120,2026-02-28T20:30:00.718Z
10.9601,78.0766,8.718,77.747,2,0,1,0,pessimistic,289.174,16399,21141,1.289,2026-02-28T20:30:00.718Z
11.0175,76.9681,8.718,77.747,2,0,1,0,pessimistic,356.092,23377,27791,1.189,2026-02-28T20:30:00.718Z
12.9165,79.1325,10.9601,78.0766,2,0,1,0,pessimistic,296.480,19701,23700,1.203,2026-02-28T20:30:00.718Z
11.1936,77.2681,8.718,77.747,2,0,1,0,pessimistic,335.158,21960,26139,1.190,2026-02-28T20:30:00.718Z
10.9601,78.0766,10.7828,79.1318,2,0,1,0,pessimistic,136.390,10605,12592,1.187,2026-02-28T20:30:00.718Z
10.7667,79.6333,8.718,77.747,2,0,1,0,pessimistic,410.009,23819,28637,1.202,2026-02-28T20:30:00.718Z
10.75,78.8,10.7667,79.6333,2,0,1,0,pessimistic,100.674,6445,7148,1.109,2026-02-28T20:30:00.718Z
8.718,77.747,11.1936,77.2681,2,0,1,0,pessimistic,346.254,21914,27462,1.253,2026-02-28T20:30:00.718Z
8.1833,77.4167,10.7667,79.6333,2,0,1,0,pessimistic,490.220,28191,33687,1.195,2026-02-28T20:30:00.718Z
12.9165,79.1325,10.7828,79.1318,2,0,1,0,pessimistic,302.987,20366,22831,1.121,2026-02-28T20:30:00.718Z
8.1833,77.4167,11.1936,77.2681,2,0,1,0,pessimistic,424.785,26146,31596,1.208,2026-02-28T20:30:00.718Z
10.7828,79.1318,11.0175,76.9681,2,0,1,0,pessimistic,268.007,19454,21630,1.112,2026-02-28T20:30:00.718Z
10.9601,78.0766,12.9165,79.1325,2,0,1,0,pessimistic,324.378,19456,24989,1.284,2026-02-28T20:30:00.718Z
11.076,77.0003,11.1936,77.2681,2,0,1,0,pessimistic,44.083,3848,4038,1.049,2026-02-28T20:30:00.718Z
11.076,77.0003,8.1833,77.4167,2,0,1,0,pessimistic,438.447,28058,33481,1.193,2026-02-28T20:30:00.718Z
8.1833,77.4167,10.9601,78.0766,2,0,1,0,pessimistic,368.758,20687,24981,1.208,2026-02-28T20:30:00.718Z
11.0175,76.9681,11.076,77.0003,2,0,1,0,pessimistic,9.582,1460,1269,0.869,2026-02-28T20:30:00.718Z
10.75,78.8,8.718,77.747,2,0,1,0,pessimistic,311.271,18505,22834,1.234,2026-02-28T20:30:00.718Z
10.7667,79.6333,11.076,77.0003,2,0,1,0,pessimistic,328.420,22803,25340,1.111,2026-02-28T20:30:00.718Z
11.076,77.0003,11.0175,76.9681,2,0,1,0,pessimistic,9.267,1405,1328,0.945,2026-02-28T20:30:00.718Z
11.1936,77.2681,10.7828,79.1318,2,0,1,0,pessimistic,242.571,18058,20391,1.129,2026-02-28T20:30:00.718Z
10.9601,78.0766,11.076,77.0003,2,0,1,0,pessimistic,133.834,9862,11096,1.125,2026-02-28T20:30:00.718Z
10.9601,78.0766,10.7667,79.6333,2,0,1,0,pessimistic,193.275,13756,16252,1.181,2026-02-28T20:30:00.718Z
8.1833,77.4167,12.9165,79.1325,2,0,1,0,pessimistic,642.637,38917,46936,1.206,2026-02-28T20:30:00.718Z
10.7828,79.1318,11.1936,77.2681,2,0,1,0,pessimistic,245.469,17126,18631,1.088,2026-02-28T20:30:00.718Z
11.1936,77.2681,10.7667,79.6333,2,0,1,0,pessimistic,299.456,21209,24316,1.146,2026-02-28T20:30:00.718Z
12.9165,79.1325,10.7667,79.6333,2,0,1,0,pessimistic,311.073,21806,24298,1.114,2026-02-28T20:30:00.718Z
8.1833,77.4167,8.718,77.747,2,0,1,0,pessimistic,83.691,5182,5747,1.109,2026-02-28T20:30:00.718Z
10.9601,78.0766,11.1936,77.2681,2,0,1,0,pessimistic,107.420,7229,8254,1.142,2026-02-28T20:30:00.718Z
8.718,77.747,10.7667,79.6333,2,0,1,0,pessimistic,411.690,23959,29518,1.232,2026-02-28T20:30:00.718Z
11.076,77.0003,10.7828,79.1318,2,0,1,0,pessimistic,275.300,19988,22834,1.142,2026-02-28T20:30:00.718Z
10.7828,79.1318,12.9165,79.1325,2,0,1,0,pessimistic,291.729,20586,22368,1.087,2026-02-28T20:30:00.718Z
12.9165,79.1325,11.1936,77.2681,2,0,1,0,pessimistic,350.468,20908,27417,1.311,2026-02-28T20:30:00.718Z
11.076,77.0003,10.9601,78.0766,2,0,1,0,pessimistic,134.544,9914,10369,1.046,2026-02-28T20:30:00.718Z
10.7828,79.1318,10.9601,78.0766,2,0,1,0,pessimistic,135.409,10469,10819,1.033,2026-02-28T20:30:00.718Z
10.7828,79.1318,10.7667,79.6333,2,0,1,0,pessimistic,59.892,4359,4329,0.993,2026-02-28T20:30:00.718Z
12.9165,79.1325,11.0175,76.9681,2,0,1,0,pessimistic,391.693,23662,31002,1.310,2026-02-28T20:30:00.718Z
11.076,77.0003,12.9165,79.1325,2,0,1,0,pessimistic,391.324,23709,30236,1.275,2026-02-28T20:30:00.718Z
10.7828,79.1318,11.076,77.0003,2,0,1,0,pessimistic,271.883,19758,21699,1.098,2026-02-28T20:30:00.718Z
10.7667,79.6333,8.1833,77.4167,2,0,1,0,pessimistic,490.157,28213,34404,1.219,2026-02-28T20:30:00.718Z
10.7667,79.6333,12.9165,79.1325,2,0,1,0,pessimistic,310.543,21858,24489,1.120,2026-02-28T20:30:00.718Z
8.718,77.747,12.9165,79.1325,2,0,1,0,pessimistic,564.106,34685,42899,1.237,2026-02-28T20:30:00.718Z
8.718,77.747,8.1833,77.4167,2,0,1,0,pessimistic,80.391,5458,6104,1.118,2026-02-28T20:30:00.718Z
10.9601,78.0766,11.0175,76.9681,2,0,1,0,pessimistic,129.958,9557,11105,1.162,2026-02-28T20:30:00.718Z
11.076,77.0003,8.718,77.747,2,0,1,0,pessimistic,358.299,23664,27896,1.179,2026-02-28T20:30:00.718Z
10.7828,79.1318,10.75,78.8,2,0,1,0,pessimistic,44.160,3366,3459,1.028,2026-02-28T20:30:00.718Z
8.718,77.747,10.7828,79.1318,2,0,1,0,pessimistic,339.315,20838,24479,1.175,2026-02-28T20:30:00.718Z
10.7828,79.1318,8.718,77.747,2,0,1,0,pessimistic,338.338,20777,24890,1.198,2026-02-28T20:30:00.718Z
8.718,77.747,10.9601,78.0766,2,0,1,0,pessimistic,290.228,16455,20697,1.258,2026-02-28T20:30:00.718Z
10.7667,79.6333,10.75,78.8,2,0,1,0,pessimistic,100.697,6411,6724,1.049,2026-02-28T20:30:00.718Z
12.9165,79.1325,8.1833,77.4167,2,0,1,0,pessimistic,643.806,38981,48903,1.255,2026-02-28T20:30:00.718Z
8.718,77.747,11.0175,76.9681,2,0,1,0,pessimistic,367.983,23126,29218,1.263,2026-02-28T20:30:00.718Z
12.9165,79.1325,10.75,78.8,2,0,1,0,pessimistic,280.482,19088,22306,1.169,2026-02-28T20:30:00.718Z
10.7828,79.1318,8.1833,77.4167,2,0,1,0,pessimistic,418.486,25172,30862,1.226,2026-02-28T20:30:00.718Z
11.0175,76.9681,8.1833,77.4167,2,0,1,0,pessimistic,436.240,27772,33390,1.202,2026-02-28T20:30:00.718Z
10.9601,78.0766,10.75,78.8,2,0,1,0,pessimistic,96.660,7980,9219,1.155,2026-02-28T20:30:00.718Z
10.75,78.8,8.1833,77.4167,2,0,1,0,pessimistic,391.418,22900,28817,1.258,2026-02-28T20:30:00.718Z
11.1936,77.2681,11.0175,76.9681,2,0,1,0,pessimistic,43.085,3496,4051,1.159,2026-02-28T20:30:00.718Z
8.718,77.747,10.75,78.8,2,0,1,0,pessimistic,312.364,18551,22460,1.211,2026-02-28T20:30:00.718Z
12.9667,79.95,11.6667,78.1167,3,0,1,0,optimistic,326.839,20066,16803,0.837,2026-02-28T21:30:00.889Z
12.901,80.2279,8.49,78.12,3,0,1,0,optimistic,624.496,38239,31962,0.836,2026-02-28T21:30:00.889Z
12.901,80.2279,11.6,79.4833,3,0,1,0,optimistic,201.862,15861,12256,0.773,2026-02-28T21:30:00.889Z
12.6833,79.9833,12.901,80.2279,3,0,1,0,optimistic,45.809,4399,3284,0.747,2026-02-28T21:30:00.889Z
11.2333,78.8833,11.4102,76.7032,3,0,1,0,optimistic,323.460,25595,22557,0.881,2026-02-28T21:30:00.889Z
11.0305,77.0161,12.4833,78.5667,3,0,1,0,optimistic,275.645,18303,15045,0.822,2026-02-28T21:30:00.889Z
11.0305,77.0161,11.4102,76.7032,3,0,1,0,optimistic,85.849,10657,9175,0.861,2026-02-28T21:30:00.889Z
11.2333,78.8833,12.4833,78.5667,3,0,1,0,optimistic,219.157,13856,12492,0.902,2026-02-28T21:30:00.889Z
12.9667,79.95,12.901,80.2279,3,0,1,0,optimistic,37.661,4892,3398,0.695,2026-02-28T21:30:00.889Z
11.6667,78.1167,11.6,79.4833,3,0,1,0,optimistic,170.358,10897,9483,0.870,2026-02-28T21:30:00.889Z
12.901,80.2279,12.9667,79.95,3,0,1,0,optimistic,46.133,5318,3604,0.678,2026-02-28T21:30:00.889Z
8.49,78.12,11.6667,78.1167,3,0,1,0,optimistic,416.264,25563,22077,0.864,2026-02-28T21:30:00.889Z
11.6667,78.1167,11.2333,78.8833,3,0,1,0,optimistic,124.796,8735,7607,0.871,2026-02-28T21:30:00.889Z
11.6,79.4833,12.9667,79.95,3,0,1,0,optimistic,185.878,13281,11713,0.882,2026-02-28T21:30:00.889Z
11.6667,78.1167,12.6833,79.9833,3,0,1,0,optimistic,290.341,17173,14765,0.860,2026-02-28T21:30:00.889Z
12.9667,79.95,11.2333,78.8833,3,0,1,0,optimistic,250.228,15337,12940,0.844,2026-02-28T21:30:00.889Z
11.6667,78.1167,11.4102,76.7032,3,0,1,0,optimistic,207.462,17811,15524,0.872,2026-02-28T21:30:00.889Z
11.0305,77.0161,12.6833,79.9833,3,0,1,0,optimistic,441.995,26246,21286,0.811,2026-02-28T21:30:00.889Z
11.4102,76.7032,8.49,78.12,3,0,1,0,optimistic,456.862,33954,29140,0.858,2026-02-28T21:30:00.889Z
12.6833,79.9833,12.4833,78.5667,3,0,1,0,optimistic,195.852,13903,11470,0.825,2026-02-28T21:30:00.889Z
12.9667,79.95,8.49,78.12,3,0,1,0,optimistic,613.733,37010,31374,0.848,2026-02-28T21:30:00.889Z
12.6833,79.9833,11.2333,78.8833,3,0,1,0,optimistic,213.546,12521,11081,0.885,2026-02-28T21:30:00.889Z
8.49,78.12,11.0305,77.0161,3,0,1,0,optimistic,392.664,26492,22809,0.861,2026-02-28T21:30:00.889Z
12.4833,78.5667,11.2333,78.8833,3,0,1,0,optimistic,218.069,13780,12166,0.883,2026-02-28T21:30:00.889Z
11.6,79.4833,11.4102,76.7032,3,0,1,0,optimistic,366.575,27692,24393,0.881,2026-02-28T21:30:00.889Z
12.9667,79.95,12.4833,78.5667,3,0,1,0,optimistic,186.333,12154,10740,0.884,2026-02-28T21:30:00.889Z
8.49,78.12,12.4833,78.5667,3,0,1,0,optimistic,524.451,33206,28535,0.859,2026-02-28T21:30:00.889Z
8.49,78.12,12.6833,79.9833,3,0,1,0,optimistic,577.124,34532,29313,0.849,2026-02-28T21:30:00.889Z
11.6,79.4833,12.6833,79.9833,3,0,1,0,optimistic,147.622,10470,9514,0.909,2026-02-28T21:30:00.889Z
11.4102,76.7032,12.4833,78.5667,3,0,1,0,optimistic,328.621,25657,21669,0.845,2026-02-28T21:30:00.889Z
12.901,80.2279,12.4833,78.5667,3,0,1,0,optimistic,233.471,16549,13166,0.796,2026-02-28T21:30:00.889Z
11.6,79.4833,11.2333,78.8833,3,0,1,0,optimistic,92.716,6241,5744,0.920,2026-02-28T21:30:00.889Z
11.6,79.4833,12.901,80.2279,3,0,1,0,optimistic,194.069,14588,12674,0.869,2026-02-28T21:30:00.889Z
12.6833,79.9833,11.6,79.4833,3,0,1,0,optimistic,149.132,10795,9598,0.889,2026-02-28T21:30:00.889Z
11.0305,77.0161,11.6667,78.1167,3,0,1,0,optimistic,159.744,10056,8034,0.799,2026-02-28T21:30:00.889Z
8.49,78.12,11.2333,78.8833,3,0,1,0,optimistic,365.185,22520,19340,0.859,2026-02-28T21:30:00.889Z
12.901,80.2279,12.6833,79.9833,3,0,1,0,optimistic,47.693,4154,3231,0.778,2026-02-28T21:30:00.889Z
12.6833,79.9833,12.9667,79.95,3,0,1,0,optimistic,39.145,3519,2900,0.824,2026-02-28T21:30:00.889Z
11.6667,78.1167,12.9667,79.95,3,0,1,0,optimistic,324.278,19663,16180,0.823,2026-02-28T21:30:00.889Z
8.49,78.12,11.4102,76.7032,3,0,1,0,optimistic,463.767,34802,30742,0.883,2026-02-28T21:30:00.889Z
11.4102,76.7032,11.6,79.4833,3,0,1,0,optimistic,368.648,27280,23710,0.869,2026-02-28T21:30:00.889Z
11.2333,78.8833,12.901,80.2279,3,0,1,0,optimistic,260.099,16595,14264,0.860,2026-02-28T21:30:00.889Z
11.0305,77.0161,11.6,79.4833,3,0,1,0,optimistic,322.012,19970,16356,0.819,2026-02-28T21:30:00.889Z
12.4833,78.5667,12.9667,79.95,3,0,1,0,optimistic,187.086,12133,10235,0.844,2026-02-28T21:30:00.889Z
11.6667,78.1167,8.49,78.12,3,0,1,0,optimistic,416.603,25030,21266,0.850,2026-02-28T21:30:00.889Z
11.0305,77.0161,12.9667,79.95,3,0,1,0,optimistic,481.569,29161,22919,0.786,2026-02-28T21:30:00.889Z
11.6667,78.1167,11.0305,77.0161,3,0,1,0,optimistic,160.196,10143,8189,0.807,2026-02-28T21:30:00.889Z
12.6833,79.9833,8.49,78.12,3,0,1,0,optimistic,577.050,34193,29616,0.866,2026-02-28T21:30:00.889Z
11.2333,78.8833,8.49,78.12,3,0,1,0,optimistic,365.323,22161,18928,0.854,2026-02-28T21:30:00.889Z
11.4102,76.7032,12.6833,79.9833,3,0,1,0,optimistic,488.631,33555,28779,0.858,2026-02-28T21:30:00.889Z
11.4102,76.7032,12.901,80.2279,3,0,1,0,optimistic,535.078,37673,32290,0.857,2026-02-28T21:30:00.889Z
12.901,80.2279,11.2333,78.8833,3,0,1,0,optimistic,266.276,17586,13511,0.768,2026-02-28T21:30:00.889Z
11.0305,77.0161,11.2333,78.8833,3,0,1,0,optimistic,243.576,17731,14752,0.832,2026-02-28T21:30:00.889Z
11.6,79.4833,11.0305,77.0161,3,0,1,0,optimistic,319.310,20025,17234,0.861,2026-02-28T21:30:00.889Z
12.4833,78.5667,11.4102,76.7032,3,0,1,0,optimistic,322.660,25901,22501,0.869,2026-02-28T21:30:00.889Z
12.901,80.2279,11.6667,78.1167,3,0,1,0,optimistic,337.603,21296,17449,0.819,2026-02-28T21:30:00.889Z
12.9667,79.95,11.4102,76.7032,3,0,1,0,optimistic,525.414,36842,31879,0.865,2026-02-28T21:30:00.889Z
11.2333,78.8833,12.9667,79.95,3,0,1,0,optimistic,251.908,15287,13286,0.869,2026-02-28T21:30:00.889Z
12.4833,78.5667,8.49,78.12,3,0,1,0,optimistic,524.716,32482,27719,0.853,2026-02-28T21:30:00.889Z
11.6,79.4833,11.6667,78.1167,3,0,1,0,optimistic,168.001,10916,9936,0.910,2026-02-28T21:30:00.889Z
12.4833,78.5667,11.6,79.4833,3,0,1,0,optimistic,188.308,13017,12186,0.936,2026-02-28T21:30:00.889Z
11.6667,78.1167,12.4833,78.5667,3,0,1,0,optimistic,123.990,9231,8205,0.889,2026-02-28T21:30:00.889Z
12.7094,80.0016,12.9249,80.1272,4,0,1,0,best_guess,35.426,3799,3245,0.854,2026-02-28T22:30:01.020Z
11.2333,77.1333,12.7094,80.0016,4,0,1,0,best_guess,430.535,26409,25363,0.960,2026-02-28T22:30:01.020Z
12.7094,80.0016,11.2333,77.1333,4,0,1,0,best_guess,430.586,26695,25747,0.964,2026-02-28T22:30:01.020Z
12.9941,80.1709,11.5947,78.5975,4,0,1,0,best_guess,271.582,17618,16200,0.920,2026-02-28T22:30:01.020Z
11.5167,79.0333,11.0305,77.0161,4,0,1,0,best_guess,266.946,16480,15743,0.955,2026-02-28T22:30:01.020Z
12.7094,80.0016,11.0305,77.0161,4,0,1,0,best_guess,448.984,27556,26598,0.965,2026-02-28T22:30:01.020Z
12.9249,80.1272,11.5167,79.0333,4,0,1,0,best_guess,219.947,14147,13200,0.933,2026-02-28T22:30:01.020Z
9.8236,77.9894,12.9941,80.1709,4,0,1,0,best_guess,458.856,28711,27339,0.952,2026-02-28T22:30:01.020Z
12.9249,80.1272,12.9941,80.1709,4,0,1,0,best_guess,10.355,1387,1021,0.736,2026-02-28T22:30:01.020Z
11.5167,79.0333,12.7094,80.0016,4,0,1,0,best_guess,194.397,12454,12332,0.990,2026-02-28T22:30:01.020Z
12.7094,80.0016,9.8236,77.9894,4,0,1,0,best_guess,431.482,25821,25180,0.975,2026-02-28T22:30:01.020Z
9.7333,77.2833,11.5167,79.0333,4,0,1,0,best_guess,312.633,19204,18114,0.943,2026-02-28T22:30:01.020Z
11.5167,79.0333,12.9941,80.1709,4,0,1,0,best_guess,228.840,15047,14379,0.956,2026-02-28T22:30:01.020Z
11.5947,78.5975,9.7333,77.2833,4,0,1,0,best_guess,315.008,20129,19386,0.963,2026-02-28T22:30:01.020Z
11.5167,79.0333,10.805,78.6853,4,0,1,0,best_guess,101.465,6349,6300,0.992,2026-02-28T22:30:01.020Z
12.7094,80.0016,11.5947,78.5975,4,0,1,0,best_guess,236.663,14879,14522,0.976,2026-02-28T22:30:01.020Z
11.5947,78.5975,11.5167,79.0333,4,0,1,0,best_guess,54.675,3875,3864,0.997,2026-02-28T22:30:01.020Z
11.0305,77.0161,9.7333,77.2833,4,0,1,0,best_guess,249.842,17858,16949,0.949,2026-02-28T22:30:01.020Z
10.805,78.6853,12.9941,80.1709,4,0,1,0,best_guess,347.210,23161,21750,0.939,2026-02-28T22:30:01.020Z
11.0305,77.0161,11.5947,78.5975,4,0,1,0,best_guess,215.784,13700,12810,0.935,2026-02-28T22:30:01.020Z
11.5947,78.5975,11.2333,77.1333,4,0,1,0,best_guess,195.027,12796,12100,0.946,2026-02-28T22:30:01.020Z
9.8236,77.9894,11.2333,77.1333,4,0,1,0,best_guess,222.576,15323,15134,0.988,2026-02-28T22:30:01.020Z
12.9249,80.1272,11.2333,77.1333,4,0,1,0,best_guess,455.840,28212,26709,0.947,2026-02-28T22:30:01.020Z
11.2333,77.1333,11.5167,79.0333,4,0,1,0,best_guess,248.820,15581,14758,0.947,2026-02-28T22:30:01.020Z
11.2333,77.1333,11.5947,78.5975,4,0,1,0,best_guess,197.201,12785,12033,0.941,2026-02-28T22:30:01.020Z
9.7333,77.2833,10.805,78.6853,4,0,1,0,best_guess,212.887,13283,12592,0.948,2026-02-28T22:30:01.020Z
11.5167,79.0333,11.5947,78.5975,4,0,1,0,best_guess,54.625,3802,3887,1.022,2026-02-28T22:30:01.020Z
10.805,78.6853,11.2333,77.1333,4,0,1,0,best_guess,207.752,14552,14340,0.985,2026-02-28T22:30:01.020Z
11.5167,79.0333,12.9249,80.1272,4,0,1,0,best_guess,220.112,14028,13592,0.969,2026-02-28T22:30:01.020Z
10.805,78.6853,11.5947,78.5975,4,0,1,0,best_guess,120.447,8768,8956,1.021,2026-02-28T22:30:01.020Z
9.7333,77.2833,12.9249,80.1272,4,0,1,0,best_guess,542.056,34317,32441,0.945,2026-02-28T22:30:01.020Z
12.9249,80.1272,10.805,78.6853,4,0,1,0,best_guess,304.429,18721,17565,0.938,2026-02-28T22:30:01.020Z
12.9941,80.1709,9.7333,77.2833,4,0,1,0,best_guess,525.378,32845,31459,0.958,2026-02-28T22:30:01.020Z
10.805,78.6853,9.8236,77.9894,4,0,1,0,best_guess,157.636,9538,9247,0.969,2026-02-28T22:30:01.020Z
10.805,78.6853,12.7094,80.0016,4,0,1,0,best_guess,279.371,17167,17059,0.994,2026-02-28T22:30:01.020Z
11.0305,77.0161,9.8236,77.9894,4,0,1,0,best_guess,214.270,15301,14387,0.940,2026-02-28T22:30:01.020Z
9.8236,77.9894,11.0305,77.0161,4,0,1,0,best_guess,221.019,15454,15149,0.980,2026-02-28T22:30:01.020Z
9.7333,77.2833,12.7094,80.0016,4,0,1,0,best_guess,516.340,32743,30783,0.940,2026-02-28T22:30:01.020Z
9.8236,77.9894,9.7333,77.2833,4,0,1,0,best_guess,107.633,8972,8849,0.986,2026-02-28T22:30:01.020Z
12.9941,80.1709,10.805,78.6853,4,0,1,0,best_guess,314.093,19943,18319,0.919,2026-02-28T22:30:01.020Z
10.805,78.6853,11.5167,79.0333,4,0,1,0,best_guess,101.871,6450,6782,1.051,2026-02-28T22:30:01.020Z
9.7333,77.2833,11.0305,77.0161,4,0,1,0,best_guess,249.930,17891,17163,0.959,2026-02-28T22:30:01.020Z
9.8236,77.9894,12.7094,80.0016,4,0,1,0,best_guess,424.420,26114,24750,0.948,2026-02-28T22:30:01.020Z
12.9941,80.1709,12.7094,80.0016,4,0,1,0,best_guess,44.998,4916,3853,0.784,2026-02-28T22:30:01.020Z
9.7333,77.2833,11.2333,77.1333,4,0,1,0,best_guess,251.486,17760,17199,0.968,2026-02-28T22:30:01.020Z
12.9941,80.1709,11.5167,79.0333,4,0,1,0,best_guess,229.611,15370,13966,0.909,2026-02-28T22:30:01.020Z
11.5167,79.0333,11.2333,77.1333,4,0,1,0,best_guess,248.547,15618,14985,0.959,2026-02-28T22:30:01.020Z
12.9249,80.1272,11.0305,77.0161,4,0,1,0,best_guess,474.239,29074,27541,0.947,2026-02-28T22:30:01.020Z
9.7333,77.2833,12.9941,80.1709,4,0,1,0,best_guess,551.539,35122,34177,0.973,2026-02-28T22:30:01.020Z
12.9249,80.1272,9.8236,77.9894,4,0,1,0,best_guess,456.737,27338,26133,0.956,2026-02-28T22:30:01.020Z
9.7333,77.2833,11.5947,78.5975,4,0,1,0,best_guess,314.912,20196,19528,0.967,2026-02-28T22:30:01.020Z
11.5947,78.5975,12.9249,80.1272,4,0,1,0,best_guess,262.106,16279,15717,0.965,2026-02-28T22:30:01.020Z
9.8236,77.9894,11.5947,78.5975,4,0,1,0,best_guess,265.497,17715,16590,0.936,2026-02-28T22:30:01.020Z
11.5947,78.5975,11.0305,77.0161,4,0,1,0,best_guess,213.426,13657,12843,0.940,2026-02-28T22:30:01.020Z
11.2333,77.1333,10.805,78.6853,4,0,1,0,best_guess,208.263,14603,13594,0.931,2026-02-28T22:30:01.020Z
11.5947,78.5975,9.8236,77.9894,4,0,1,0,best_guess,291.020,17115,16302,0.952,2026-02-28T22:30:01.020Z
11.0305,77.0161,12.9249,80.1272,4,0,1,0,best_guess,474.833,28899,27765,0.961,2026-02-28T22:30:01.020Z
11.5947,78.5975,12.7094,80.0016,4,0,1,0,best_guess,236.390,14704,14425,0.981,2026-02-28T22:30:01.020Z
11.2333,77.1333,12.9249,80.1272,4,0,1,0,best_guess,456.251,27984,26943,0.963,2026-02-28T22:30:01.020Z
9.7333,77.2833,9.8236,77.9894,4,0,1,0,best_guess,108.136,8730,8068,0.924,2026-02-28T22:30:01.020Z
11.5167,79.0333,9.7333,77.2833,4,0,1,0,best_guess,312.750,19250,18797,0.976,2026-02-28T22:30:01.020Z
11.0305,77.0161,11.5167,79.0333,4,0,1,0,best_guess,267.403,16495,15526,0.941,2026-02-28T22:30:01.020Z
10.96,76.94,8.753,78.17,5,0,1,0,pessimistic,364.645,22462,27393,1.220,2026-02-28T23:30:00.158Z
10.9167,76.9667,10.96,76.94,5,0,1,0,pessimistic,9.676,1401,1401,1.000,2026-02-28T23:30:00.158Z
10.05,78.3333,10.9167,76.9667,5,0,1,0,pessimistic,222.396,15190,17999,1.185,2026-02-28T23:30:00.158Z
10.9167,76.9667,10.05,78.3333,5,0,1,0,pessimistic,228.578,15516,19075,1.229,2026-02-28T23:30:00.158Z
10.05,78.3333,9.8236,77.9894,5,0,1,0,pessimistic,53.828,4242,5137,1.211,2026-02-28T23:30:00.158Z
8.753,78.17,8.0883,77.5385,5,0,1,0,pessimistic,132.721,7814,9344,1.196,2026-02-28T23:30:00.158Z
12.9941,80.1709,9.8236,77.9894,5,0,1,0,pessimistic,466.406,28481,37008,1.299,2026-02-28T23:30:00.158Z
10.9167,76.9667,10.9601,78.0766,5,0,1,0,pessimistic,133.885,9310,10610,1.140,2026-02-28T23:30:00.158Z
10.05,78.3333,8.0883,77.5385,5,0,1,0,pessimistic,274.405,16020,20410,1.274,2026-02-28T23:30:00.158Z
10.96,76.94,12.9941,80.1709,5,0,1,0,pessimistic,495.175,31108,40134,1.290,2026-02-28T23:30:00.158Z
10.9167,76.9667,12.9941,80.1709,5,0,1,0,pessimistic,499.456,31462,40603,1.291,2026-02-28T23:30:00.158Z
10.96,76.94,11.2333,77.1333,5,0,1,0,pessimistic,43.260,4992,5000,1.002,2026-02-28T23:30:00.158Z
10.96,76.94,11.0142,77.0851,5,0,1,0,pessimistic,22.711,2739,2749,1.004,2026-02-28T23:30:00.158Z
10.05,78.3333,12.9941,80.1709,5,0,1,0,pessimistic,411.193,24739,32239,1.303,2026-02-28T23:30:00.158Z
10.9167,76.9667,8.0883,77.5385,5,0,1,0,pessimistic,437.178,25978,32454,1.249,2026-02-28T23:30:00.158Z
10.9601,78.0766,10.05,78.3333,5,0,1,0,pessimistic,157.787,10184,12322,1.210,2026-02-28T23:30:00.158Z
10.9601,78.0766,8.753,78.17,5,0,1,0,pessimistic,291.731,16189,20598,1.272,2026-02-28T23:30:00.158Z
12.9941,80.1709,10.9601,78.0766,5,0,1,0,pessimistic,365.867,24644,29583,1.200,2026-02-28T23:30:00.158Z
10.05,78.3333,11.2333,77.1333,5,0,1,0,pessimistic,226.013,16378,19512,1.191,2026-02-28T23:30:00.158Z
10.9601,78.0766,11.0142,77.0851,5,0,1,0,pessimistic,115.080,7739,8771,1.133,2026-02-28T23:30:00.158Z
11.0142,77.0851,10.05,78.3333,5,0,1,0,pessimistic,211.942,14919,18058,1.210,2026-02-28T23:30:00.158Z
8.0883,77.5385,8.753,78.17,5,0,1,0,pessimistic,133.259,7945,9209,1.159,2026-02-28T23:30:00.158Z
11.0142,77.0851,10.9167,76.9667,5,0,1,0,pessimistic,22.532,2254,2496,1.107,2026-02-28T23:30:00.158Z
12.9941,80.1709,10.96,76.94,5,0,1,0,pessimistic,495.338,31262,40584,1.298,2026-02-28T23:30:00.158Z
8.753,78.17,12.9941,80.1709,5,0,1,0,pessimistic,588.297,34816,44623,1.282,2026-02-28T23:30:00.158Z
11.0142,77.0851,8.0883,77.5385,5,0,1,0,pessimistic,420.542,25380,31659,1.247,2026-02-28T23:30:00.158Z
10.9601,78.0766,8.0883,77.5385,5,0,1,0,pessimistic,370.950,20467,25974,1.269,2026-02-28T23:30:00.158Z
10.9601,78.0766,9.8236,77.9894,5,0,1,0,pessimistic,150.373,8689,11011,1.267,2026-02-28T23:30:00.158Z
9.8236,77.9894,10.05,78.3333,5,0,1,0,pessimistic,53.850,4375,4921,1.125,2026-02-28T23:30:00.158Z
11.0142,77.0851,8.753,78.17,5,0,1,0,pessimistic,341.323,21102,25351,1.201,2026-02-28T23:30:00.158Z
10.05,78.3333,8.753,78.17,5,0,1,0,pessimistic,176.544,10522,13211,1.256,2026-02-28T23:30:00.158Z
10.9167,76.9667,11.0142,77.0851,5,0,1,0,pessimistic,22.593,2313,2441,1.055,2026-02-28T23:30:00.158Z
10.96,76.94,10.9601,78.0766,5,0,1,0,pessimistic,134.004,9736,10928,1.122,2026-02-28T23:30:00.158Z
10.96,76.94,10.9167,76.9667,5,0,1,0,pessimistic,9.676,1358,1264,0.931,2026-02-28T23:30:00.158Z
8.0883,77.5385,11.0142,77.0851,5,0,1,0,pessimistic,427.483,25634,31854,1.243,2026-02-28T23:30:00.158Z
12.9941,80.1709,11.2333,77.1333,5,0,1,0,pessimistic,465.509,29356,37813,1.288,2026-02-28T23:30:00.158Z
10.9167,76.9667,8.753,78.17,5,0,1,0,pessimistic,357.960,21700,26104,1.203,2026-02-28T23:30:00.158Z
11.0142,77.0851,10.96,76.94,5,0,1,0,pessimistic,22.542,2687,2936,1.093,2026-02-28T23:30:00.158Z
10.9167,76.9667,11.2333,77.1333,5,0,1,0,pessimistic,47.541,5346,5437,1.017,2026-02-28T23:30:00.158Z
11.2333,77.1333,9.8236,77.9894,5,0,1,0,pessimistic,215.868,15094,18007,1.193,2026-02-28T23:30:00.158Z
10.96,76.94,8.0883,77.5385,5,0,1,0,pessimistic,443.863,26740,33229,1.243,2026-02-28T23:30:00.158Z
9.8236,77.9894,11.0142,77.0851,5,0,1,0,pessimistic,206.642,13840,17778,1.285,2026-02-28T23:30:00.158Z
11.0142,77.0851,11.2333,77.1333,5,0,1,0,pessimistic,35.023,3153,3397,1.077,2026-02-28T23:30:00.158Z
11.2333,77.1333,10.9601,78.0766,5,0,1,0,pessimistic,124.861,8754,9791,1.118,2026-02-28T23:30:00.158Z
8.753,78.17,10.9167,76.9667,5,0,1,0,pessimistic,360.227,21782,26820,1.231,2026-02-28T23:30:00.158Z
8.0883,77.5385,12.9941,80.1709,5,0,1,0,pessimistic,686.528,40183,53484,1.331,2026-02-28T23:30:00.158Z
8.0883,77.5385,10.9167,76.9667,5,0,1,0,pessimistic,439.799,25928,32306,1.246,2026-02-28T23:30:00.158Z
8.0883,77.5385,10.96,76.94,5,0,1,0,pessimistic,446.426,26783,33487,1.250,2026-02-28T23:30:00.158Z
11.2333,77.1333,10.9167,76.9667,5,0,1,0,pessimistic,52.519,4526,5081,1.123,2026-02-28T23:30:00.158Z
10.05,78.3333,10.96,76.94,5,0,1,0,pessimistic,229.023,16045,19025,1.186,2026-02-28T23:30:00.158Z
9.8236,77.9894,11.2333,77.1333,5,0,1,0,pessimistic,222.576,15323,19484,1.272,2026-02-28T23:30:00.158Z
8.753,78.17,9.8236,77.9894,5,0,1,0,pessimistic,150.330,8952,10114,1.130,2026-02-28T23:30:00.158Z
8.753,78.17,10.05,78.3333,5,0,1,0,pessimistic,176.460,10801,12433,1.151,2026-02-28T23:30:00.158Z
8.753,78.17,10.96,76.94,5,0,1,0,pessimistic,366.854,22636,28049,1.239,2026-02-28T23:30:00.158Z
12.9941,80.1709,11.0142,77.0851,5,0,1,0,pessimistic,479.222,29840,38702,1.297,2026-02-28T23:30:00.158Z
8.0883,77.5385,10.05,78.3333,5,0,1,0,pessimistic,274.691,16168,19566,1.210,2026-02-28T23:30:00.158Z
10.05,78.3333,10.9601,78.0766,5,0,1,0,pessimistic,152.065,9834,11208,1.140,2026-02-28T23:30:00.158Z
10.9601,78.0766,10.9167,76.9667,5,0,1,0,pessimistic,133.866,9415,10755,1.142,2026-02-28T23:30:00.158Z
12.9941,80.1709,8.753,78.17,5,0,1,0,pessimistic,589.122,34761,45056,1.296,2026-02-28T23:30:00.158Z
11.2333,77.1333,8.753,78.17,5,0,1,0,pessimistic,357.227,22594,27080,1.199,2026-02-28T23:30:00.158Z
11.0142,77.0851,9.8236,77.9894,5,0,1,0,pessimistic,199.965,13602,16604,1.221,2026-02-28T23:30:00.158Z
9.8236,77.9894,10.96,76.94,5,0,1,0,pessimistic,225.585,14989,18960,1.265,2026-02-28T23:30:00.158Z
11.2721,77.5847,12.9167,78.8667,6,0,1,0,optimistic,284.595,16904,13470,0.797,2026-03-01T00:30:00.284Z
11.6667,78.1167,12.9165,79.1325,6,0,1,0,optimistic,228.805,13558,10628,0.784,2026-03-01T00:30:00.284Z
11.6667,78.1167,11.7833,77.8,6,0,1,0,optimistic,51.617,4641,3797,0.818,2026-03-01T00:30:00.284Z
9.2881,79.3174,12.1333,78.1667,6,0,1,0,optimistic,437.568,29242,24498,0.838,2026-03-01T00:30:00.284Z
11.7833,77.8,8.7167,77.6833,6,0,1,0,optimistic,399.485,25518,21467,0.841,2026-03-01T00:30:00.284Z
11.2189,78.1673,12.9165,79.1325,6,0,1,0,optimistic,280.676,16799,13156,0.783,2026-03-01T00:30:00.284Z
9.2881,79.3174,12.9167,78.8667,6,0,1,0,optimistic,530.563,34993,29765,0.851,2026-03-01T00:30:00.284Z
8.7167,77.6833,11.2189,78.1673,6,0,1,0,optimistic,331.236,19798,15971,0.807,2026-03-01T00:30:00.284Z
12.7409,77.8253,11.6667,78.1167,6,0,1,0,optimistic,145.775,10021,7758,0.774,2026-03-01T00:30:00.284Z
12.9165,79.1325,9.2881,79.3174,6,0,1,0,optimistic,498.395,32111,27293,0.850,2026-03-01T00:30:00.284Z
11.2189,78.1673,12.9167,78.8667,6,0,1,0,optimistic,254.811,15332,12127,0.791,2026-03-01T00:30:00.284Z
9.2881,79.3174,12.9165,79.1325,6,0,1,0,optimistic,497.955,32298,27274,0.844,2026-03-01T00:30:00.284Z
8.7167,77.6833,12.9165,79.1325,6,0,1,0,optimistic,562.946,35390,29095,0.822,2026-03-01T00:30:00.284Z
9.2881,79.3174,11.2189,78.1673,6,0,1,0,optimistic,317.642,21160,17754,0.839,2026-03-01T00:30:00.284Z
11.2721,77.5847,8.7167,77.6833,6,0,1,0,optimistic,344.009,21961,18395,0.838,2026-03-01T00:30:00.284Z
12.9165,79.1325,12.9167,78.8667,6,0,1,0,optimistic,42.141,3271,2742,0.838,2026-03-01T00:30:00.284Z
12.9167,78.8667,12.1333,78.1667,6,0,1,0,optimistic,138.130,8251,6885,0.834,2026-03-01T00:30:00.284Z
11.2189,78.1673,12.1333,78.1667,6,0,1,0,optimistic,119.919,8113,6343,0.782,2026-03-01T00:30:00.284Z
9.2881,79.3174,11.7833,77.8,6,0,1,0,optimistic,426.227,28461,23866,0.839,2026-03-01T00:30:00.284Z
11.7833,77.8,11.2189,78.1673,6,0,1,0,optimistic,93.297,7846,6845,0.872,2026-03-01T00:30:00.284Z
12.1333,78.1667,11.7833,77.8,6,0,1,0,optimistic,68.826,5625,4531,0.806,2026-03-01T00:30:00.284Z
11.7833,77.8,11.6667,78.1167,6,0,1,0,optimistic,51.833,4701,3931,0.836,2026-03-01T00:30:00.284Z
12.9167,78.8667,12.9165,79.1325,6,0,1,0,optimistic,40.494,3167,2642,0.834,2026-03-01T00:30:00.284Z
12.1333,78.1667,8.7167,77.6833,6,0,1,0,optimistic,448.199,26932,21855,0.811,2026-03-01T00:30:00.284Z
8.7167,77.6833,12.9167,78.8667,6,0,1,0,optimistic,583.737,34436,27763,0.806,2026-03-01T00:30:00.284Z
11.2721,77.5847,9.2881,79.3174,6,0,1,0,optimistic,370.495,24430,20916,0.856,2026-03-01T00:30:00.284Z
11.7833,77.8,12.1333,78.1667,6,0,1,0,optimistic,68.813,5623,4690,0.834,2026-03-01T00:30:00.284Z
12.9165,79.1325,11.2189,78.1673,6,0,1,0,optimistic,254.640,17321,14019,0.809,2026-03-01T00:30:00.284Z
12.7409,77.8253,11.7833,77.8,6,0,1,0,optimistic,146.547,10681,8455,0.792,2026-03-01T00:30:00.284Z
12.1333,78.1667,11.2721,77.5847,6,0,1,0,optimistic,150.421,9810,7730,0.788,2026-03-01T00:30:00.284Z
12.1333,78.1667,9.2881,79.3174,6,0,1,0,optimistic,436.938,29013,24461,0.843,2026-03-01T00:30:00.284Z
12.7409,77.8253,12.1333,78.1667,6,0,1,0,optimistic,98.021,6275,4990,0.795,2026-03-01T00:30:00.284Z
11.2189,78.1673,11.7833,77.8,6,0,1,0,optimistic,93.239,7903,6941,0.878,2026-03-01T00:30:00.284Z
11.6667,78.1167,11.2721,77.5847,6,0,1,0,optimistic,84.934,5422,4464,0.823,2026-03-01T00:30:00.284Z
11.6667,78.1167,11.2189,78.1673,6,0,1,0,optimistic,54.569,3857,3045,0.789,2026-03-01T00:30:00.284Z
8.7167,77.6833,11.7833,77.8,6,0,1,0,optimistic,400.117,25916,21449,0.828,2026-03-01T00:30:00.284Z
11.7833,77.8,12.9165,79.1325,6,0,1,0,optimistic,229.570,14309,11446,0.800,2026-03-01T00:30:00.284Z
11.7833,77.8,9.2881,79.3174,6,0,1,0,optimistic,425.972,27987,23992,0.857,2026-03-01T00:30:00.284Z
12.9167,78.8667,11.6667,78.1167,6,0,1,0,optimistic,202.974,12327,10023,0.813,2026-03-01T00:30:00.284Z
12.9167,78.8667,8.7167,77.6833,6,0,1,0,optimistic,555.350,34510,28449,0.824,2026-03-01T00:30:00.284Z
12.1333,78.1667,11.6667,78.1167,6,0,1,0,optimistic,68.053,4965,3854,0.776,2026-03-01T00:30:00.284Z
11.2189,78.1673,8.7167,77.6833,6,0,1,0,optimistic,322.268,19491,16256,0.834,2026-03-01T00:30:00.284Z
12.9167,78.8667,11.7833,77.8,6,0,1,0,optimistic,203.746,12987,10732,0.826,2026-03-01T00:30:00.284Z
12.9167,78.8667,11.2721,77.5847,6,0,1,0,optimistic,285.341,17172,13952,0.812,2026-03-01T00:30:00.284Z
12.7409,77.8253,12.9165,79.1325,6,0,1,0,optimistic,173.022,10334,7994,0.774,2026-03-01T00:30:00.284Z
11.2721,77.5847,12.9165,79.1325,6,0,1,0,optimistic,310.460,18371,14523,0.791,2026-03-01T00:30:00.284Z
12.1333,78.1667,12.9167,78.8667,6,0,1,0,optimistic,139.335,8212,6617,0.806,2026-03-01T00:30:00.284Z
11.6667,78.1167,12.9167,78.8667,6,0,1,0,optimistic,202.940,12091,9632,0.797,2026-03-01T00:30:00.284Z
11.2189,78.1673,9.2881,79.3174,6,0,1,0,optimistic,317.178,20848,17920,0.860,2026-03-01T00:30:00.284Z
11.7833,77.8,12.9167,78.8667,6,0,1,0,optimistic,203.705,12842,10438,0.813,2026-03-01T00:30:00.284Z
11.2721,77.5847,11.7833,77.8,6,0,1,0,optimistic,67.644,5055,4269,0.845,2026-03-01T00:30:00.284Z
12.9165,79.1325,11.7833,77.8,6,0,1,0,optimistic,231.180,14485,11748,0.811,2026-03-01T00:30:00.284Z
12.9167,78.8667,11.2189,78.1673,6,0,1,0,optimistic,227.206,15823,12982,0.820,2026-03-01T00:30:00.284Z
12.9167,78.8667,12.7409,77.8253,6,0,1,0,optimistic,148.428,9123,7373,0.808,2026-03-01T00:30:00.284Z
12.1333,78.1667,11.2189,78.1673,6,0,1,0,optimistic,120.055,8245,6361,0.771,2026-03-01T00:30:00.284Z
11.2721,77.5847,11.6667,78.1167,6,0,1,0,optimistic,84.109,5371,4258,0.793,2026-03-01T00:30:00.284Z
8.7167,77.6833,12.1333,78.1667,6,0,1,0,optimistic,448.845,27216,22040,0.810,2026-03-01T00:30:00.284Z
9.2881,79.3174,11.6667,78.1167,6,0,1,0,optimistic,371.973,24929,20878,0.837,2026-03-01T00:30:00.284Z
9.2881,79.3174,8.7167,77.6833,6,0,1,0,optimistic,237.626,17596,15113,0.859,2026-03-01T00:30:00.284Z
9.2881,79.3174,12.7409,77.8253,6,0,1,0,optimistic,516.775,34361,28610,0.833,2026-03-01T00:30:00.284Z
12.9165,79.1325,8.7167,77.6833,6,0,1,0,optimistic,562.695,35181,28962,0.823,2026-03-01T00:30:00.284Z
12.9165,79.1325,11.6667,78.1167,6,0,1,0,optimistic,230.408,13825,11051,0.799,2026-03-01T00:30:00.284Z
11.5033,77.2433,10.96,76.94,8,0,1,1,optimistic,77.320,7533,6073,0.806,2026-03-01T02:30:00.479Z
11.3003,76.9407,11.75,79.7667,8,0,1,1,optimistic,362.764,23607,19346,0.820,2026-03-01T02:30:00.479Z
11.3003,76.9407,10.96,76.94,8,0,1,1,optimistic,43.308,5018,3745,0.746,2026-03-01T02:30:00.479Z
11.3003,76.9407,13.1433,79.91,8,0,1,1,optimistic,493.875,32334,26382,0.816,2026-03-01T02:30:00.479Z
9.45,77.8167,11.75,79.7667,8,0,1,1,optimistic,402.038,24385,20424,0.838,2026-03-01T02:30:00.479Z
11.6833,79.2833,11.3003,76.9407,8,0,1,1,optimistic,300.532,18656,15545,0.833,2026-03-01T02:30:00.479Z
11.3003,76.9407,8.95,77.3,8,0,1,1,optimistic,376.772,27774,23701,0.853,2026-03-01T02:30:00.479Z
11.3003,76.9407,11.5033,77.2433,8,0,1,1,optimistic,46.660,3744,3264,0.872,2026-03-01T02:30:00.479Z
11.5033,77.2433,8.95,77.3,8,0,1,1,optimistic,394.458,27850,24309,0.873,2026-03-01T02:30:00.479Z
11.3003,76.9407,9.45,77.8167,8,0,1,1,optimistic,292.423,20519,17186,0.838,2026-03-01T02:30:00.479Z
8.95,77.3,10.96,76.94,8,0,1,1,optimistic,382.024,26385,22074,0.837,2026-03-01T02:30:00.479Z
8.95,77.3,11.6833,79.2833,8,0,1,1,optimistic,436.567,27470,22656,0.825,2026-03-01T02:30:00.479Z
9.45,77.8167,10.96,76.94,8,0,1,1,optimistic,282.920,18710,15777,0.843,2026-03-01T02:30:00.479Z
9.45,77.8167,12.5333,78.2167,8,0,1,1,optimistic,413.252,24934,20431,0.819,2026-03-01T02:30:00.479Z
9.45,77.8167,11.5033,77.2433,8,0,1,1,optimistic,307.993,20586,17657,0.858,2026-03-01T02:30:00.479Z
8.95,77.3,11.3003,76.9407,8,0,1,1,optimistic,398.212,28422,23822,0.838,2026-03-01T02:30:00.479Z
11.3003,76.9407,12.5333,78.2167,8,0,1,1,optimistic,273.931,17731,14386,0.811,2026-03-01T02:30:00.479Z
11.6833,79.2833,11.5033,77.2433,8,0,1,1,optimistic,255.912,15409,12869,0.835,2026-03-01T02:30:00.479Z
9.45,77.8167,11.6833,79.2833,8,0,1,1,optimistic,337.463,19795,16236,0.820,2026-03-01T02:30:00.479Z
8.95,77.3,10.2333,77.4833,8,0,1,1,optimistic,233.715,21766,19622,0.901,2026-03-01T02:30:00.479Z
11.6833,79.2833,11.75,79.7667,8,0,1,1,optimistic,62.953,5417,4700,0.868,2026-03-01T02:30:00.479Z
11.5033,77.2433,11.6833,79.2833,8,0,1,1,optimistic,257.738,15592,12613,0.809,2026-03-01T02:30:00.479Z
11.5033,77.2433,10.2333,77.4833,8,0,1,1,optimistic,212.956,18665,17355,0.930,2026-03-01T02:30:00.479Z
11.3003,76.9407,11.6833,79.2833,8,0,1,1,optimistic,300.812,18556,14918,0.804,2026-03-01T02:30:00.479Z
11.6833,79.2833,13.1433,79.91,8,0,1,1,optimistic,203.928,14256,11790,0.827,2026-03-01T02:30:00.479Z
8.95,77.3,12.5333,78.2167,8,0,1,1,optimistic,512.356,32609,26874,0.824,2026-03-01T02:30:00.479Z
8.95,77.3,9.45,77.8167,8,0,1,1,optimistic,93.019,9381,8590,0.916,2026-03-01T02:30:00.479Z
11.5033,77.2433,12.5333,78.2167,8,0,1,1,optimistic,194.713,14622,12496,0.855,2026-03-01T02:30:00.479Z
8.95,77.3,11.75,79.7667,8,0,1,1,optimistic,501.142,32060,26795,0.836,2026-03-01T02:30:00.479Z
11.6833,79.2833,8.95,77.3,8,0,1,1,optimistic,421.664,26877,22796,0.848,2026-03-01T02:30:00.479Z
9.45,77.8167,10.2333,77.4833,8,0,1,1,optimistic,185.003,15345,13875,0.904,2026-03-01T02:30:00.479Z
9.45,77.8167,8.95,77.3,8,0,1,1,optimistic,93.474,9521,8755,0.920,2026-03-01T02:30:00.479Z
11.5033,77.2433,11.3003,76.9407,8,0,1,1,optimistic,46.529,4032,3616,0.897,2026-03-01T02:30:00.479Z
11.6833,79.2833,12.5333,78.2167,8,0,1,1,optimistic,191.043,12578,10849,0.863,2026-03-01T02:30:00.479Z
11.5033,77.2433,9.45,77.8167,8,0,1,1,optimistic,310.109,20595,17824,0.865,2026-03-01T02:30:00.479Z
11.3003,76.9407,10.2333,77.4833,8,0,1,1,optimistic,205.480,18132,16362,0.902,2026-03-01T02:30:00.479Z
11.5033,77.2433,13.1433,79.91,8,0,1,1,optimistic,414.657,29225,24804,0.849,2026-03-01T02:30:00.479Z
11.5033,77.2433,11.75,79.7667,8,0,1,1,optimistic,317.462,20444,17163,0.840,2026-03-01T02:30:00.479Z
11.6833,79.2833,9.45,77.8167,8,0,1,1,optimistic,337.315,19622,16305,0.831,2026-03-01T02:30:00.479Z
8.95,77.3,11.5033,77.2433,8,0,1,1,optimistic,407.097,28261,24025,0.850,2026-03-01T02:30:00.479Z
9.45,77.8167,11.3003,76.9407,8,0,1,1,optimistic,299.108,20747,17550,0.846,2026-03-01T02:30:00.479Z
8.95,77.3,13.1433,79.91,8,0,1,1,optimistic,639.419,41319,34485,0.835,2026-03-01T02:30:00.479Z
9.45,77.8167,13.1433,79.91,8,0,1,1,optimistic,540.315,33644,27683,0.823,2026-03-01T02:30:00.479Z
11.6833,79.2833,10.2333,77.4833,8,0,1,1,optimistic,321.272,21612,18943,0.877,2026-03-01T02:30:00.479Z
11.6833,79.2833,10.96,76.94,8,0,1,1,optimistic,308.870,18679,15363,0.822,2026-03-01T02:30:00.479Z
10.2333,77.4833,9.45,77.8167,8,0,1,1,optimistic,184.576,15310,13454,0.879,2026-03-01T02:30:00.479Z
10.96,76.94,13.1433,79.91,8,0,1,1,optimistic,502.617,32535,26173,0.804,2026-03-01T02:30:00.479Z
12.5333,78.2167,11.75,79.7667,8,0,1,1,optimistic,231.564,15246,13285,0.871,2026-03-01T02:30:00.479Z
11.75,79.7667,10.96,76.94,8,0,1,1,optimistic,368.555,23532,19704,0.837,2026-03-01T02:30:00.479Z
11.75,79.7667,10.2333,77.4833,8,0,1,1,optimistic,385.533,26165,22966,0.878,2026-03-01T02:30:00.479Z
12.5333,78.2167,11.3003,76.9407,8,0,1,1,optimistic,274.571,17973,14876,0.828,2026-03-01T02:30:00.479Z
11.75,79.7667,8.95,77.3,8,0,1,1,optimistic,485.925,31430,26776,0.852,2026-03-01T02:30:00.479Z
13.1433,79.91,11.6833,79.2833,8,0,1,1,optimistic,202.504,14352,11715,0.816,2026-03-01T02:30:00.479Z
11.75,79.7667,11.6833,79.2833,8,0,1,1,optimistic,61.027,5415,4615,0.852,2026-03-01T02:30:00.479Z
10.96,76.94,11.5033,77.2433,8,0,1,1,optimistic,75.528,7151,5576,0.780,2026-03-01T02:30:00.479Z
12.5333,78.2167,11.6833,79.2833,8,0,1,1,optimistic,189.718,12337,10445,0.847,2026-03-01T02:30:00.479Z
10.96,76.94,11.75,79.7667,8,0,1,1,optimistic,371.506,23808,19157,0.805,2026-03-01T02:30:00.479Z
10.2333,77.4833,11.3003,76.9407,8,0,1,1,optimistic,205.504,18186,16348,0.899,2026-03-01T02:30:00.479Z
10.96,76.94,12.5333,78.2167,8,0,1,1,optimistic,282.673,17931,14197,0.792,2026-03-01T02:30:00.479Z
12.5333,78.2167,13.1433,79.91,8,0,1,1,optimistic,234.762,15507,12250,0.790,2026-03-01T02:30:00.479Z
13.1433,79.91,11.5033,77.2433,8,0,1,1,optimistic,413.210,29176,24947,0.855,2026-03-01T02:30:00.479Z
12.5333,78.2167,11.5033,77.2433,8,0,1,1,optimistic,193.174,14416,12765,0.885,2026-03-01T02:30:00.479Z
10.9167,76.9667,12.8441,80.0592,9,0,1,1,best_guess,474.977,28497,27906,0.979,2026-03-01T03:30:00.671Z
11.1333,79.0833,12.9167,78.8667,9,0,1,1,best_guess,273.928,19335,18810,0.973,2026-03-01T03:30:00.671Z
11.2189,78.1673,11.1167,77.1833,9,0,1,1,best_guess,128.843,9053,8690,0.960,2026-03-01T03:30:00.671Z
11.2189,78.1673,12.8441,80.0592,9,0,1,1,best_guess,349.108,20697,19738,0.954,2026-03-01T03:30:00.671Z
12.8441,80.0592,12.9167,78.8667,9,0,1,1,best_guess,159.885,11358,10687,0.941,2026-03-01T03:30:00.671Z
11.2189,78.1673,11.1333,79.0833,9,0,1,1,best_guess,139.081,9440,9172,0.972,2026-03-01T03:30:00.671Z
9.8236,77.9894,11.1333,79.0833,9,0,1,1,best_guess,226.887,13492,12761,0.946,2026-03-01T03:30:00.671Z
11.1009,79.658,10.9167,76.9667,9,0,1,1,best_guess,345.815,23879,23436,0.981,2026-03-01T03:30:00.671Z
9.8236,77.9894,10.9167,76.9667,9,0,1,1,best_guess,218.958,14135,13445,0.951,2026-03-01T03:30:00.671Z
11.1333,79.0833,11.2189,78.1673,9,0,1,1,best_guess,139.071,9618,9239,0.961,2026-03-01T03:30:00.671Z
10.9167,76.9667,11.1333,79.0833,9,0,1,1,best_guess,281.324,18774,18457,0.983,2026-03-01T03:30:00.671Z
12.9167,78.8667,12.8441,80.0592,9,0,1,1,best_guess,159.199,11484,10277,0.895,2026-03-01T03:30:00.671Z
11.1167,77.1833,12.8441,80.0592,9,0,1,1,best_guess,438.520,25444,24489,0.962,2026-03-01T03:30:00.671Z
11.2189,78.1673,10.9167,76.9667,9,0,1,1,best_guess,164.498,12022,11628,0.967,2026-03-01T03:30:00.671Z
11.1009,79.658,11.1167,77.1833,9,0,1,1,best_guess,357.214,21690,21124,0.974,2026-03-01T03:30:00.671Z
11.1167,77.1833,11.1333,79.0833,9,0,1,1,best_guess,267.160,17016,16601,0.976,2026-03-01T03:30:00.671Z
11.1085,77.3411,9.8236,77.9894,9,0,1,1,best_guess,182.796,12692,12156,0.958,2026-03-01T03:30:00.671Z
10.9167,76.9667,11.1085,77.3411,9,0,1,1,best_guess,63.535,5364,5053,0.942,2026-03-01T03:30:00.671Z
12.9167,78.8667,10.9167,76.9667,9,0,1,1,best_guess,373.438,22883,22474,0.982,2026-03-01T03:30:00.671Z
9.8236,77.9894,12.9167,78.8667,9,0,1,1,best_guess,445.106,26058,24582,0.943,2026-03-01T03:30:00.671Z
11.1009,79.658,12.8441,80.0592,9,0,1,1,best_guess,238.174,15418,15449,1.002,2026-03-01T03:30:00.671Z
9.8236,77.9894,11.1085,77.3411,9,0,1,1,best_guess,189.270,12834,12211,0.951,2026-03-01T03:30:00.671Z
11.1009,79.658,9.8236,77.9894,9,0,1,1,best_guess,288.571,17631,17105,0.970,2026-03-01T03:30:00.671Z
11.1167,77.1833,10.9167,76.9667,9,0,1,1,best_guess,39.859,3398,3180,0.936,2026-03-01T03:30:00.671Z
11.1333,79.0833,10.9167,76.9667,9,0,1,1,best_guess,279.967,18888,18641,0.987,2026-03-01T03:30:00.671Z
11.1085,77.3411,11.1167,77.1833,9,0,1,1,best_guess,27.377,2352,2153,0.915,2026-03-01T03:30:00.671Z
11.1085,77.3411,12.901,80.2279,9,0,1,1,best_guess,447.342,28384,27669,0.975,2026-03-01T03:30:00.671Z
10.9167,76.9667,9.8236,77.9894,9,0,1,1,best_guess,212.535,14087,13337,0.947,2026-03-01T03:30:00.671Z
11.1009,79.658,11.1333,79.0833,9,0,1,1,best_guess,87.744,6923,6679,0.965,2026-03-01T03:30:00.671Z
11.1085,77.3411,12.8441,80.0592,9,0,1,1,best_guess,421.141,25579,24922,0.974,2026-03-01T03:30:00.671Z
9.8236,77.9894,12.901,80.2279,9,0,1,1,best_guess,470.585,28832,28059,0.973,2026-03-01T03:30:00.671Z
10.9167,76.9667,11.2189,78.1673,9,0,1,1,best_guess,164.921,11975,11521,0.962,2026-03-01T03:30:00.671Z
12.9167,78.8667,9.8236,77.9894,9,0,1,1,best_guess,417.513,26205,25086,0.957,2026-03-01T03:30:00.671Z
9.8236,77.9894,12.8441,80.0592,9,0,1,1,best_guess,444.384,26027,25289,0.972,2026-03-01T03:30:00.671Z
11.1167,77.1833,12.9167,78.8667,9,0,1,1,best_guess,336.509,19474,18500,0.950,2026-03-01T03:30:00.671Z
12.901,80.2279,11.1009,79.658,9,0,1,1,best_guess,241.726,17461,17573,1.006,2026-03-01T03:30:00.671Z
12.901,80.2279,11.1167,77.1833,9,0,1,1,best_guess,466.091,28426,27964,0.984,2026-03-01T03:30:00.671Z
12.8441,80.0592,11.1333,79.0833,9,0,1,1,best_guess,263.053,15996,16052,1.004,2026-03-01T03:30:00.671Z
12.901,80.2279,11.2189,78.1673,9,0,1,1,best_guess,376.199,23480,23042,0.981,2026-03-01T03:30:00.671Z
11.1009,79.658,12.9167,78.8667,9,0,1,1,best_guess,303.009,20976,20710,0.987,2026-03-01T03:30:00.671Z
9.8236,77.9894,11.1009,79.658,9,0,1,1,best_guess,289.249,17846,17284,0.969,2026-03-01T03:30:00.671Z
11.1009,79.658,11.2189,78.1673,9,0,1,1,best_guess,219.017,15159,14638,0.966,2026-03-01T03:30:00.671Z
10.9167,76.9667,11.1167,77.1833,9,0,1,1,best_guess,36.741,3281,3155,0.962,2026-03-01T03:30:00.671Z
12.9167,78.8667,11.1009,79.658,9,0,1,1,best_guess,312.368,21227,21193,0.998,2026-03-01T03:30:00.671Z
12.9167,78.8667,11.1085,77.3411,9,0,1,1,best_guess,319.606,19926,19671,0.987,2026-03-01T03:30:00.671Z
11.1333,79.0833,11.1009,79.658,9,0,1,1,best_guess,87.704,7048,6857,0.973,2026-03-01T03:30:00.671Z
10.9167,76.9667,11.1009,79.658,9,0,1,1,best_guess,379.403,23999,23161,0.965,2026-03-01T03:30:00.671Z
11.1085,77.3411,11.1009,79.658,9,0,1,1,best_guess,303.211,21137,20747,0.982,2026-03-01T03:30:00.671Z
11.1167,77.1833,12.901,80.2279,9,0,1,1,best_guess,464.720,28249,27207,0.963,2026-03-01T03:30:00.671Z
9.8236,77.9894,11.2189,78.1673,9,0,1,1,best_guess,192.605,11420,10556,0.924,2026-03-01T03:30:00.671Z
11.1009,79.658,11.1085,77.3411,9,0,1,1,best_guess,300.205,20899,20589,0.985,2026-03-01T03:30:00.671Z
12.8441,80.0592,10.9167,76.9667,9,0,1,1,best_guess,476.462,29013,28818,0.993,2026-03-01T03:30:00.671Z
11.1333,79.0833,12.901,80.2279,9,0,1,1,best_guess,287.590,18461,17999,0.975,2026-03-01T03:30:00.671Z
10.9167,76.9667,12.901,80.2279,9,0,1,1,best_guess,501.177,31302,30720,0.981,2026-03-01T03:30:00.671Z
11.1167,77.1833,9.8236,77.9894,9,0,1,1,best_guess,201.377,13987,13459,0.962,2026-03-01T03:30:00.671Z
11.1167,77.1833,11.2189,78.1673,9,0,1,1,best_guess,128.464,8922,8488,0.951,2026-03-01T03:30:00.671Z
12.8441,80.0592,12.901,80.2279,9,0,1,1,best_guess,26.209,3443,2878,0.836,2026-03-01T03:30:00.671Z
12.901,80.2279,11.1333,79.0833,9,0,1,1,best_guess,288.338,18377,18182,0.989,2026-03-01T03:30:00.671Z
11.1085,77.3411,11.2189,78.1673,9,0,1,1,best_guess,122.391,9006,8479,0.941,2026-03-01T03:30:00.671Z
12.901,80.2279,12.8441,80.0592,9,0,1,1,best_guess,28.222,3510,3048,0.868,2026-03-01T03:30:00.671Z
12.901,80.2279,12.9167,78.8667,9,0,1,1,best_guess,171.833,13685,12781,0.934,2026-03-01T03:30:00.671Z
9.8236,77.9894,11.1167,77.1833,9,0,1,1,best_guess,206.777,14071,13367,0.950,2026-03-01T03:30:00.671Z
